strain	isolate_id	strain_number	lineage	host_genus	host_species	year	Country	State	county	town	host_environment	sample_type	gps_coord	lat	lon	list	notes	duplicate	source	date
MT_DQ832718.1						2016	United States	California												2016-01-01
7612-D1	PR-07-224	1004.1	Other	Other	Other	2001	United States	California	Curry		Forest					GLCC_DB			Daniels 2021	2001-01-01
7612-B3	PR-01-001	1006.1	Notholithocarpus densiflorus	Notholithocarpus	Notholithocarpus densiflorus	2001	United States	California	Curry					42.10412	-124.2568	CurryCo_List/GLCC_DB			Daniels 2021	2001-01-01
7612-F3	PR-07-225	1008.1	Notholithocarpus densiflorus	Notholithocarpus	Notholithocarpus densiflorus	2001	United States	California	Curry		Forest			42.10417	-124.25667	CurryCo_List/GLCC_DB			Daniels 2021	2001-01-01
Pram_PR_01_004_NA1	PR-01-004	1020.1	Notholithocarpus densiflorus	Notholithocarpus	Notholithocarpus densiflorus	2001	United States	Oregon	Curry		Forest					GLCC_DB			Culture collection	2001-01-01
7612-A11		1021.1	Other	Other	Other	2001	United States	California	Curry							CurryCo_List			Daniels 2021	2001-01-01
7612-D9	PR-07-227	1022.1	Notholithocarpus densiflorus	Notholithocarpus	Notholithocarpus densiflorus	2001	United States	California	Curry		Forest			42.11189	-124.26289	CurryCo_List/GLCC_DB			Daniels 2021	2001-01-01
7612-C9		1030.1	Notholithocarpus densiflorus	Notholithocarpus	Notholithocarpus densiflorus	2001	United States	California	Curry					42.07435	-124.26372	CurryCo_List			Daniels 2021	2001-01-01
7612-F2		1033	Notholithocarpus densiflorus	Notholithocarpus	Notholithocarpus densiflorus	2001	United States	California	Curry					42.11215	-124.26276	CurryCo_List			Daniels 2021	2001-01-01
7612-G8		1036.1	Notholithocarpus densiflorus	Notholithocarpus	Notholithocarpus densiflorus	2001	United States	California	Curry					42.11147	-124.2627	CurryCo_List			Daniels 2021	2001-01-01
7881-H11		1037.1	Notholithocarpus densiflorus	Notholithocarpus	Notholithocarpus densiflorus	2001	United States	California	Curry					42.11775	-124.26297	CurryCo_List			Daniels 2021	2001-01-01
7612-G3		1041	Notholithocarpus densiflorus	Notholithocarpus	Notholithocarpus densiflorus	2002	United States	California	Curry					42.07252	-124.26311	CurryCo_List			Daniels 2021	2002-01-01
7612-A1	PR-07-230	1043	Notholithocarpus densiflorus	Notholithocarpus	Notholithocarpus densiflorus	2002	United States	California	Curry		Forest			42.07828	-124.26103	CurryCo_List/GLCC_DB			Daniels 2021	2002-01-01
7612-H4	PR-07-231	1056	Other	Other	Other	2002	United States	California	Curry		Forest			42.06789	-124.25386	CurryCo_List/GLCC_DB			Daniels 2021	2002-01-01
7612-D7	PR-07-232	2025.1	Notholithocarpus densiflorus	Notholithocarpus	Notholithocarpus densiflorus	2001	United States	California	Curry		Forest			42.09121	-124.27387	CurryCo_List/GLCC_DB			Daniels 2021	2001-01-01
7612-D3	PR-06-011	2027.1	Notholithocarpus densiflorus	Notholithocarpus	Notholithocarpus densiflorus	2001	United States	California	Curry		Forest			42.09107	-124.2748	CurryCo_List/GLCC_DB			Daniels 2021	2001-01-01
7612-E3	PR-07-233	2029.1	Notholithocarpus densiflorus	Notholithocarpus	Notholithocarpus densiflorus	2001	United States	California	Curry		Forest			42.09106	-124.27482	CurryCo_List/GLCC_DB			Daniels 2021	2001-01-01
7612-D2	PR-01-005	2033.1	Notholithocarpus densiflorus	Notholithocarpus	Notholithocarpus densiflorus	2001	United States	California	Curry					42.09121	-124.27387	CurryCo_List/GLCC_DB			Daniels 2021	2001-01-01
7612-E9	PR-07-235	2043.1	Notholithocarpus densiflorus	Notholithocarpus	Notholithocarpus densiflorus	2001	United States	California	Curry		Forest			42.07431	-124.26276	CurryCo_List/GLCC_DB			Daniels 2021	2001-01-01
7612-E4	PR-07-237	2091.1	Other	Other	Other	2001	United States	California	Curry		Forest			42.09114	-124.27432	CurryCo_List/GLCC_DB			Daniels 2021	2001-01-01
7612-D5	PR-05-055	2092	Other	Other	Other	2002	United States	California	Curry					42.09114	-124.27432	CurryCo_List/GLCC_DB		duplicate	Daniels 2021	2002-01-01
7612-A3		2098.2	Notholithocarpus densiflorus	Notholithocarpus	Notholithocarpus densiflorus	2001	United States	California	Curry					42.09114	-124.27432	CurryCo_List			Daniels 2021	2001-01-01
7612-B9		2099.1	Notholithocarpus densiflorus	Notholithocarpus	Notholithocarpus densiflorus	2001	United States	California	Curry					42.09114	-124.27432	CurryCo_List			Daniels 2021	2001-01-01
7612-F7	PR-13-002	2138.1	Notholithocarpus densiflorus	Notholithocarpus	Notholithocarpus densiflorus	2002	United States	California	Curry		Forest			42.07195	-124.26172	CurryCo_List/GLCC_DB			Daniels 2021	2002-01-01
7612-E6	PR-02-018	2148	Other	Other	Other	2002	United States	California	Curry		Forest			42.07432	-124.26309	CurryCo_List/GLCC_DB			Daniels 2021	2002-01-01
7612-G6	PR-02-019	2149	Notholithocarpus densiflorus	Notholithocarpus	Notholithocarpus densiflorus	2002	United States	California	Curry		Forest			42.10237	-124.25625	CurryCo_List/GLCC_DB			Daniels 2021	2002-01-01
7612-B10		2157.3	Notholithocarpus densiflorus	Notholithocarpus	Notholithocarpus densiflorus	2002	United States	California	Curry					42.07286	-124.26089	CurryCo_List			Daniels 2021	2002-01-01
7612-E2	PR-02-020	2158	Notholithocarpus densiflorus	Notholithocarpus	Notholithocarpus densiflorus	2002	United States	California	Curry		Forest			42.07213	-124.26142	CurryCo_List/GLCC_DB			Daniels 2021	2002-01-01
7612-H11		2181	Other	Other	Other	2002	United States	California	Curry					42.07782	-124.26146	CurryCo_List			Daniels 2021	2002-01-01
7612-C7		2195	Notholithocarpus densiflorus	Notholithocarpus	Notholithocarpus densiflorus	2002	United States	California	Curry					42.07703	-124.26307	CurryCo_List			Daniels 2021	2002-01-01
7612-H8		2222	Notholithocarpus densiflorus	Notholithocarpus	Notholithocarpus densiflorus	2003	United States	California	Curry					42.09052	-124.2759	CurryCo_List			Daniels 2021	2003-01-01
7612-B1		2223	Notholithocarpus densiflorus	Notholithocarpus	Notholithocarpus densiflorus	2003	United States	California	Curry					42.09052	-124.2759	CurryCo_List			Daniels 2021	2003-01-01
7612-F9	PR-13-273	2234	Notholithocarpus densiflorus	Notholithocarpus	Notholithocarpus densiflorus	2003	United States	California	Curry					42.10651	-124.25109	CurryCo_List/GLCC_DB			Daniels 2021	2003-01-01
7612-H7		2235	Notholithocarpus densiflorus	Notholithocarpus	Notholithocarpus densiflorus	2003	United States	California	Curry					42.107	-124.25067	CurryCo_List			Daniels 2021	2003-01-01
7612-H9		2246	Notholithocarpus densiflorus	Notholithocarpus	Notholithocarpus densiflorus	2003	United States	California	Curry					42.08659	-124.24989	CurryCo_List			Daniels 2021	2003-01-01
7612-G11	PR-13-275	2252	Notholithocarpus densiflorus	Notholithocarpus	Notholithocarpus densiflorus	2003	United States	California	Curry					42.14188	-124.26797	CurryCo_List/GLCC_DB			Daniels 2021	2003-01-01
7612-D8		2294	Notholithocarpus densiflorus	Notholithocarpus	Notholithocarpus densiflorus	2003	United States	California	Curry					42.06901	-124.26201	CurryCo_List			Daniels 2021	2003-01-01
7885-F1		2295	Other	Other	Other	2003	United States	California	Curry					42.06903	-124.2621	CurryCo_List			Daniels 2021	2003-01-01
7612-G7		2298	Other	Other	Other	2003	United States	California	Curry							CurryCo_List			Daniels 2021	2003-01-01
7612-B8	PR-03-001	2339	Notholithocarpus densiflorus	Notholithocarpus	Notholithocarpus densiflorus	2003	United States	California	Curry			bark		42.09245	-124.27142	CurryCo_List/GLCC_DB			Daniels 2021	2003-01-01
7885-G1		2340	Other	Other	Other	2003	United States	California	Curry					42.09244	-124.27138	CurryCo_List			Daniels 2021	2003-01-01
7612-H10		2424	Notholithocarpus densiflorus	Notholithocarpus	Notholithocarpus densiflorus	2003	United States	California	Curry					42.06921	-124.26371	CurryCo_List			Daniels 2021	2003-01-01
7612-E5		2486	Notholithocarpus densiflorus	Notholithocarpus	Notholithocarpus densiflorus	2004	United States	California	Curry					42.08785	-124.25009	CurryCo_List			Daniels 2021	2004-01-01
7612-B6	PR-03-008	2544	Notholithocarpus densiflorus	Notholithocarpus	Notholithocarpus densiflorus	2003	United States	California	Curry		Forest			42.07817	-124.26019	CurryCo_List/GLCC_DB			Daniels 2021	2003-01-01
7612-C11		2555	Notholithocarpus densiflorus	Notholithocarpus	Notholithocarpus densiflorus	2003	United States	California	Curry					42.07611	-124.26201	CurryCo_List			Daniels 2021	2003-01-01
7612-E1		2562	Other	Other	Other	2001	United States	California	Curry		Forest					CurryCo_List		duplicate	Daniels 2021	2001-01-01
7612-E11		2562	Notholithocarpus densiflorus	Notholithocarpus	Notholithocarpus densiflorus	2003	United States	California	Curry					42.07272	-124.26252	CurryCo_List		duplicate	Daniels 2021	2003-01-01
7612-F5	PR-13-282	2568	Notholithocarpus densiflorus	Notholithocarpus	Notholithocarpus densiflorus	2003	United States	California	Curry					42.09127	-124.27203	CurryCo_List/GLCC_DB		duplicate	Daniels 2021	2003-01-01
7885-H1	PR-13-282	2568	Notholithocarpus densiflorus	Notholithocarpus	Notholithocarpus densiflorus	2003	United States	California	Curry					42.09127	-124.27203	CurryCo_List/GLCC_DB		duplicate	Daniels 2021	2003-01-01
7612-B12		2573	Notholithocarpus densiflorus	Notholithocarpus	Notholithocarpus densiflorus	2003	United States	California	Curry					42.07258	-124.26235	CurryCo_List			Daniels 2021	2003-01-01
7612-C8		2574	Notholithocarpus densiflorus	Notholithocarpus	Notholithocarpus densiflorus	2003	United States	California	Curry					42.07741	-124.25983	CurryCo_List			Daniels 2021	2003-01-01
7881-G3		2597	Notholithocarpus densiflorus	Notholithocarpus	Notholithocarpus densiflorus	2003	United States	California	Curry					42.07627	-124.26242	CurryCo_List			Daniels 2021	2003-01-01
7881-G2		2598	Notholithocarpus densiflorus	Notholithocarpus	Notholithocarpus densiflorus	2003	United States	California	Curry					42.07651	-124.2626	CurryCo_List			Daniels 2021	2003-01-01
7612-H6		2647	Notholithocarpus densiflorus	Notholithocarpus	Notholithocarpus densiflorus	2003	United States	California	Curry					42.10495	-124.25473	CurryCo_List			Daniels 2021	2003-01-01
7881-A12		2663	Notholithocarpus densiflorus	Notholithocarpus	Notholithocarpus densiflorus	2003	United States	California	Curry					42.09665	-124.27193	CurryCo_List			Daniels 2021	2003-01-01
7881-B12		2711	Notholithocarpus densiflorus	Notholithocarpus	Notholithocarpus densiflorus	2005	United States	California	Curry					42.08433	-124.25146	CurryCo_List			Daniels 2021	2005-01-01
7881-G1		2714	Notholithocarpus densiflorus	Notholithocarpus	Notholithocarpus densiflorus	2005	United States	California	Curry					42.14559	-124.26764	CurryCo_List			Daniels 2021	2005-01-01
7612-E8	PR-04-026	2837	Notholithocarpus densiflorus	Notholithocarpus	Notholithocarpus densiflorus	2004	United States	California	Curry					42.07636	-124.26549	CurryCo_List/GLCC_DB			Daniels 2021	2004-01-01
7885-E1		2849	Notholithocarpus densiflorus	Notholithocarpus	Notholithocarpus densiflorus	2004	United States	California	Curry					42.09834	-124.24669	CurryCo_List			Daniels 2021	2004-01-01
7612-C5	PR-04-027	2850	Notholithocarpus densiflorus	Notholithocarpus	Notholithocarpus densiflorus	2004	United States	California	Curry		Forest			42.09834	-124.24669	CurryCo_List/GLCC_DB			Daniels 2021	2004-01-01
7881-E2		2851	Other	Other	Other	2004	United States	California	Curry							CurryCo_List			Daniels 2021	2004-01-01
7881-E1		2893	Notholithocarpus densiflorus	Notholithocarpus	Notholithocarpus densiflorus	2004	United States	California	Curry					42.08252	-124.25069	CurryCo_List			Daniels 2021	2004-01-01
7881-C12	PR-04-029	2965.2	Notholithocarpus densiflorus	Notholithocarpus	Notholithocarpus densiflorus	2004	United States	California	Curry					42.0867	-124.24938	CurryCo_List/GLCC_DB			Daniels 2021	2004-01-01
7881-D12	PR-14-078	2987	Notholithocarpus densiflorus	Notholithocarpus	Notholithocarpus densiflorus	2004	United States	California	Curry					42.07966	-124.26046	CurryCo_List/GLCC_DB			Daniels 2021	2004-01-01
7881-F1		2988	Notholithocarpus densiflorus	Notholithocarpus	Notholithocarpus densiflorus	2004	United States	California	Curry					42.07933	-124.26135	CurryCo_List			Daniels 2021	2004-01-01
7612-B7		3050.18	Notholithocarpus densiflorus	Notholithocarpus	Notholithocarpus densiflorus	2001	United States	California	Curry					42.06773	-124.25403	CurryCo_List			Daniels 2021	2001-01-01
7612-B11		3055	Notholithocarpus densiflorus	Notholithocarpus	Notholithocarpus densiflorus	2001	United States	California	Curry					42.06773	-124.25403	CurryCo_List			Daniels 2021	2001-01-01
7612-F1	PR-07-240	4088.1	Notholithocarpus densiflorus	Notholithocarpus	Notholithocarpus densiflorus	2001	United States	California	Curry		Forest			42.1032	-124.2572	CurryCo_List/GLCC_DB			Daniels 2021	2001-01-01
7612-B5	PR-07-241	4089.1	Notholithocarpus densiflorus	Notholithocarpus	Notholithocarpus densiflorus	2001	United States	California	Curry		Forest			42.07666	-124.25936	CurryCo_List/GLCC_DB		duplicate	Daniels 2021	2001-01-01
7612-A8	PR-07-241	4089.1	Notholithocarpus densiflorus	Notholithocarpus	Notholithocarpus densiflorus	2001	United States	California	Curry		Forest			42.07666	-124.25936	CurryCo_List/GLCC_DB		duplicate	Daniels 2021	2001-01-01
7612-C3	PR-07-243	4119.5	Other	Other	Other	2001	United States	California	Curry		Forest			42.09114	-124.27432	CurryCo_List/GLCC_DB			Daniels 2021	2001-01-01
7612-B2		4123.1	Rhododendron macrophyllum	Rhododendron	Rhododendron macrophyllum	2001	United States	California	Curry					42.09114	-124.27432	CurryCo_List			Daniels 2021	2001-01-01
7612-G10		4143.1	Rhododendron macrophyllum	Rhododendron	Rhododendron macrophyllum	2001	United States	California	Curry					42.09114	-124.27432	CurryCo_List			Daniels 2021	2001-01-01
7612-A4		4144.1	Rhododendron macrophyllum	Rhododendron	Rhododendron macrophyllum	2001	United States	California	Curry					42.09114	-124.27432	CurryCo_List			Daniels 2021	2001-01-01
7612-B4		4146.1	Notholithocarpus densiflorus	Notholithocarpus	Notholithocarpus densiflorus	2001	United States	California	Curry					42.09114	-124.27432	CurryCo_List			Daniels 2021	2001-01-01
7612-H5		4167.1	Rhododendron macrophyllum	Rhododendron	Rhododendron macrophyllum	2001	United States	California	Curry					42.09114	-124.27432	CurryCo_List			Daniels 2021	2001-01-01
7612-G1		4168.1	Rhododendron macrophyllum	Rhododendron	Rhododendron macrophyllum	2001	United States	California	Curry					42.09114	-124.27432	CurryCo_List			Daniels 2021	2001-01-01
7612-H1		4169.1	Other	Other	Other	2001	United States	California	Curry					42.09114	-124.27432	CurryCo_List			Daniels 2021	2001-01-01
7612-A7	PR-07-255	4172.2	Rhododendron macrophyllum	Rhododendron	Rhododendron macrophyllum	2001	United States	California	Curry		Forest			42.07666	-124.25936	CurryCo_List/GLCC_DB			Daniels 2021	2001-01-01
7612-C4	PR-07-256	4173.2	Other	Other	Other	2001	United States	California	Curry		Forest			42.07666	-124.25936	CurryCo_List/GLCC_DB			Daniels 2021	2001-01-01
7612-F4		4183	Notholithocarpus densiflorus	Notholithocarpus	Notholithocarpus densiflorus	2002	United States	California	Curry					42.07282	-124.26214	CurryCo_List			Daniels 2021	2002-01-01
7612-C6		4245	Other	Other	Other	2002	United States	California	Curry					42.07387	-124.26338	CurryCo_List			Daniels 2021	2002-01-01
7612-G9		4280	Rhododendron macrophyllum	Rhododendron	Rhododendron macrophyllum	2002	United States	California	Curry					42.07838	-124.26098	CurryCo_List			Daniels 2021	2002-01-01
7612-D11	PR-02-021	4281	Rhododendron macrophyllum	Rhododendron	Rhododendron macrophyllum	2002	United States	California	Curry		Forest			42.07825	-124.26105	CurryCo_List/GLCC_DB			Daniels 2021	2002-01-01
7612-C1	PR-02-002	4284	Notholithocarpus densiflorus	Notholithocarpus	Notholithocarpus densiflorus	2002	United States	California	Curry			leaves		42.07825	-124.26105	CurryCo_List/GLCC_DB			Daniels 2021	2002-01-01
7612-D6	PR-02-022	4297	Notholithocarpus densiflorus	Notholithocarpus	Notholithocarpus densiflorus	2002	United States	California	Curry		Forest			42.07717	-124.26164	CurryCo_List/GLCC_DB			Daniels 2021	2002-01-01
7612-H3		4300.1	Notholithocarpus densiflorus	Notholithocarpus	Notholithocarpus densiflorus	2002	United States	California	Curry					42.11421	-124.2609	CurryCo_List			Daniels 2021	2002-01-01
7612-A6	PR-02-023	4301	Notholithocarpus densiflorus	Notholithocarpus	Notholithocarpus densiflorus	2002	United States	California	Curry		Forest			42.11421	-124.2609	CurryCo_List/GLCC_DB			Daniels 2021	2002-01-01
7612-E10		4584	Other	Other	Other	2005	United States	California	Curry							CurryCo_List			Daniels 2021	2005-01-01
7612-E7		5013.1	Notholithocarpus densiflorus	Notholithocarpus	Notholithocarpus densiflorus	2001	United States	California	Curry					42.07397	-124.26266	CurryCo_List			Daniels 2021	2001-01-01
7612-F11		5019	Notholithocarpus densiflorus	Notholithocarpus	Notholithocarpus densiflorus	2001	United States	California	Curry					42.07397	-124.26266	CurryCo_List			Daniels 2021	2001-01-01
7612-A2		5449	Notholithocarpus densiflorus	Notholithocarpus	Notholithocarpus densiflorus	2002	United States	California	Curry					42.07637	-124.26083	CurryCo_List			Daniels 2021	2002-01-01
7612-A9		5450	Notholithocarpus densiflorus	Notholithocarpus	Notholithocarpus densiflorus	2002	United States	California	Curry					42.07637	-124.26083	CurryCo_List			Daniels 2021	2002-01-01
7612-G4		5451	Notholithocarpus densiflorus	Notholithocarpus	Notholithocarpus densiflorus	2002	United States	California	Curry					42.07637	-124.26083	CurryCo_List			Daniels 2021	2002-01-01
7612-F8		5464	Notholithocarpus densiflorus	Notholithocarpus	Notholithocarpus densiflorus	2002	United States	California	Curry					42.09062	-124.2737	CurryCo_List			Daniels 2021	2002-01-01
7612-G5		5466	Rhododendron macrophyllum	Rhododendron	Rhododendron macrophyllum	2002	United States	California	Curry					42.0899	-124.27602	CurryCo_List			Daniels 2021	2002-01-01
7612-A10		5467	Umbellularia californica	Umbellularia	Umbellularia californica	2002	United States	California	Curry					42.0914	-124.27195	CurryCo_List			Daniels 2021	2002-01-01
7612-C10		9013	Notholithocarpus densiflorus	Notholithocarpus	Notholithocarpus densiflorus	2004	United States	California	Curry					42.10643	-124.25052	CurryCo_List			Daniels 2021	2004-01-01
7612-F10	PR-13-290	9022	Notholithocarpus densiflorus	Notholithocarpus	Notholithocarpus densiflorus	2004	United States	California	Curry					42.10781	-124.2504	CurryCo_List/GLCC_DB			Daniels 2021	2004-01-01
7612-D10		9032	Notholithocarpus densiflorus	Notholithocarpus	Notholithocarpus densiflorus	2004	United States	California	Curry					42.08239	-124.24883	CurryCo_List			Daniels 2021	2004-01-01
7612-F6		9034	Notholithocarpus densiflorus	Notholithocarpus	Notholithocarpus densiflorus	2004	United States	California	Curry					42.08139	-124.25	CurryCo_List			Daniels 2021	2004-01-01
7612-C12	PR-14-089	9129	Notholithocarpus densiflorus	Notholithocarpus	Notholithocarpus densiflorus	2005	United States	California	Curry					42.07046	-124.26115	CurryCo_List/GLCC_DB			Daniels 2021	2005-01-01
7612-H12		9132	Notholithocarpus densiflorus	Notholithocarpus	Notholithocarpus densiflorus	2005	United States	California	Curry					42.08578	-124.24975	CurryCo_List			Daniels 2021	2005-01-01
7881-A2		9135	Other	Other	Other	2005	United States	California	Curry					42.08411	-124.25139	CurryCo_List			Daniels 2021	2005-01-01
7612-G12	PR-05-043	9138	Notholithocarpus densiflorus	Notholithocarpus	Notholithocarpus densiflorus	2005	United States	California	Curry					42.0887	-124.2476	CurryCo_List/GLCC_DB			Daniels 2021	2005-01-01
7612-D12	PR-05-202	9143	Notholithocarpus densiflorus	Notholithocarpus	Notholithocarpus densiflorus	2005	United States	California	Curry		Forest			42.0887	-124.2476	CurryCo_List/GLCC_DB			Daniels 2021	2005-01-01
7881-F12		9145	Notholithocarpus densiflorus	Notholithocarpus	Notholithocarpus densiflorus	2005	United States	California	Curry					42.08586	-124.24904	CurryCo_List			Daniels 2021	2005-01-01
7881-G12		9150	Notholithocarpus densiflorus	Notholithocarpus	Notholithocarpus densiflorus	2005	United States	California	Curry					42.10582	-124.25178	CurryCo_List			Daniels 2021	2005-01-01
7881-F3		9157	Notholithocarpus densiflorus	Notholithocarpus	Notholithocarpus densiflorus	2005	United States	California	Curry					42.08826	-124.24914	CurryCo_List			Daniels 2021	2005-01-01
7612-A12		9159	Notholithocarpus densiflorus	Notholithocarpus	Notholithocarpus densiflorus	2005	United States	California	Curry					42.08826	-124.24914	CurryCo_List			Daniels 2021	2005-01-01
7881-C2		9179	Notholithocarpus densiflorus	Notholithocarpus	Notholithocarpus densiflorus	2005	United States	California	Curry					42.08808	-124.24911	CurryCo_List			Daniels 2021	2005-01-01
7881-B2		9180	Notholithocarpus densiflorus	Notholithocarpus	Notholithocarpus densiflorus	2005	United States	California	Curry					42.08813	-124.24917	CurryCo_List			Daniels 2021	2005-01-01
7881-C1		9187	Notholithocarpus densiflorus	Notholithocarpus	Notholithocarpus densiflorus	2005	United States	California	Curry					42.10839	-124.25069	CurryCo_List			Daniels 2021	2005-01-01
7612-E12		9190	Notholithocarpus densiflorus	Notholithocarpus	Notholithocarpus densiflorus	2005	United States	California	Curry					42.10814	-124.24961	CurryCo_List			Daniels 2021	2005-01-01
7881-H12	PR-05-205	9199	Notholithocarpus densiflorus	Notholithocarpus	Notholithocarpus densiflorus	2005	United States	California	Curry		Forest			42.0954	-124.27505	CurryCo_List/GLCC_DB			Daniels 2021	2005-01-01
7881-D2	PR-05-206	9201	Notholithocarpus densiflorus	Notholithocarpus	Notholithocarpus densiflorus	2005	United States	California	Curry		Forest			42.1056	-124.25209	CurryCo_List/GLCC_DB			Daniels 2021	2005-01-01
7885-A1		9256	Other	Other	Other	2005	United States	California	Curry							CurryCo_List			Daniels 2021	2005-01-01
7881-H2	PR-13-294	9324	Notholithocarpus densiflorus	Notholithocarpus	Notholithocarpus densiflorus	2005	United States	California	Curry					42.08403	-124.25217	CurryCo_List/GLCC_DB			Daniels 2021	2005-01-01
7881-D1		9325	Notholithocarpus densiflorus	Notholithocarpus	Notholithocarpus densiflorus	2005	United States	California	Curry					42.0842	-124.25174	CurryCo_List			Daniels 2021	2005-01-01
7885-D1		9326	Notholithocarpus densiflorus	Notholithocarpus	Notholithocarpus densiflorus	2005	United States	California	Curry					42.08422	-124.25229	CurryCo_List			Daniels 2021	2005-01-01
7881-F2		9327	Notholithocarpus densiflorus	Notholithocarpus	Notholithocarpus densiflorus	2005	United States	California	Curry					42.07825	-124.25991	CurryCo_List			Daniels 2021	2005-01-01
7885-B1		9331	Notholithocarpus densiflorus	Notholithocarpus	Notholithocarpus densiflorus	2005	United States	California	Curry					42.07953	-124.26303	CurryCo_List			Daniels 2021	2005-01-01
7881-E3	PR-13-295	9332	Notholithocarpus densiflorus	Notholithocarpus	Notholithocarpus densiflorus	2005	United States	California	Curry					42.07933	-124.26285	CurryCo_List/GLCC_DB			Daniels 2021	2005-01-01
7881-H1		9333	Notholithocarpus densiflorus	Notholithocarpus	Notholithocarpus densiflorus	2005	United States	California	Curry					42.08049	-124.26245	CurryCo_List			Daniels 2021	2005-01-01
7881-A1	PR-13-296	9338	Notholithocarpus densiflorus	Notholithocarpus	Notholithocarpus densiflorus	2005	United States	California	Curry					42.10959	-124.23961	CurryCo_List/GLCC_DB			Daniels 2021	2005-01-01
7881-D3		9365	Notholithocarpus densiflorus	Notholithocarpus	Notholithocarpus densiflorus	2005	United States	California	Curry					42.07918	-124.26262	CurryCo_List			Daniels 2021	2005-01-01
7612-F12		9386	Notholithocarpus densiflorus	Notholithocarpus	Notholithocarpus densiflorus	2005	United States	California	Curry					42.08025	-124.26092	CurryCo_List			Daniels 2021	2005-01-01
7881-C3		9387	Notholithocarpus densiflorus	Notholithocarpus	Notholithocarpus densiflorus	2005	United States	California	Curry					42.08025	-124.26092	CurryCo_List			Daniels 2021	2005-01-01
7885-C1		9388	Notholithocarpus densiflorus	Notholithocarpus	Notholithocarpus densiflorus	2005	United States	California	Curry					42.08025	-124.26092	CurryCo_List			Daniels 2021	2005-01-01
7881-B3		9401	Notholithocarpus densiflorus	Notholithocarpus	Notholithocarpus densiflorus	2005	United States	California	Curry					42.08025	-124.26092	CurryCo_List			Daniels 2021	2005-01-01
7881-A3		9407	Notholithocarpus densiflorus	Notholithocarpus	Notholithocarpus densiflorus	2005	United States	California	Curry					42.08048	-124.26007	CurryCo_List			Daniels 2021	2005-01-01
Pram_PR_11_001_NA1	PR-11-001	9488	Notholithocarpus densiflorus	Notholithocarpus	Notholithocarpus densiflorus	2006	United States	Oregon	Curry		Forest					GLCC_DB			Culture collection	2006-01-01
Pram_PR_11_004_NA1	PR-11-004	11372	Notholithocarpus densiflorus	Notholithocarpus	Notholithocarpus densiflorus	2011	United States	Oregon	Curry		Forest					GLCC_DB			Culture collection	2011-01-01
7613-H5	PR-16-190	13340	Notholithocarpus densiflorus	Notholithocarpus	Notholithocarpus densiflorus	2016	United States	California	Curry		Forest			42.29182	-124.39732	CurryCo_List/GLCC_DB			Daniels 2021	2016-01-01
7613-D1	PR-16-191	13341	Notholithocarpus densiflorus	Notholithocarpus	Notholithocarpus densiflorus	2016	United States	California	Curry		Forest			42.29182	-124.39735	CurryCo_List/GLCC_DB			Daniels 2021	2016-01-01
PR-13-132	PR-13-132	13916	Notholithocarpus densiflorus	Notholithocarpus	Notholithocarpus densiflorus	2013	United States	Oregon	Curry		Forest	bark				GLCC_DB			Culture collection	2013-01-01
PR-13-158	PR-13-158	14004	Notholithocarpus densiflorus	Notholithocarpus	Notholithocarpus densiflorus	2013	United States	Oregon	Curry		Forest	bark				GLCC_DB			Culture collection	2013-01-01
PR-14-021	PR-14-021	14167	Notholithocarpus densiflorus	Notholithocarpus	Notholithocarpus densiflorus	2014	United States	Oregon	Curry		Forest	bark				GLCC_DB			Culture collection	2014-01-01
PR-14-028	PR-14-028	14172	Notholithocarpus densiflorus	Notholithocarpus	Notholithocarpus densiflorus	2014	United States	Oregon	Curry		Forest	bark				GLCC_DB			Culture collection	2014-01-01
7613-C7	PR-17-156	15201	Notholithocarpus densiflorus	Notholithocarpus	Notholithocarpus densiflorus	2017	United States	California	Curry		Forest			42.29361	-124.39993	CurryCo_List/GLCC_DB			Daniels 2021	2017-01-01
7881-G5	PR-17-157	15202	Notholithocarpus densiflorus	Notholithocarpus	Notholithocarpus densiflorus	2017	United States	California	Curry		Forest			42.29688	-124.40091	CurryCo_List/GLCC_DB			Daniels 2021	2017-01-01
7881-A11	PR-17-158	15203	Notholithocarpus densiflorus	Notholithocarpus	Notholithocarpus densiflorus	2017	United States	California	Curry		Forest			42.29692	-124.40073	CurryCo_List/GLCC_DB			Daniels 2021	2017-01-01
7613-B5	PR-17-159	15204	Notholithocarpus densiflorus	Notholithocarpus	Notholithocarpus densiflorus	2017	United States	California	Curry		Forest			42.29687	-124.40076	CurryCo_List/GLCC_DB			Daniels 2021	2017-01-01
7613-C5	PR-17-160	15205	Notholithocarpus densiflorus	Notholithocarpus	Notholithocarpus densiflorus	2017	United States	California	Curry		Forest			42.29429	-124.39993	CurryCo_List/GLCC_DB			Daniels 2021	2017-01-01
7613-A2	PR-16-117	15276	Notholithocarpus densiflorus	Notholithocarpus	Notholithocarpus densiflorus	2016	United States	California	Curry		Forest			42.29137	-124.39761	CurryCo_List/GLCC_DB			Daniels 2021	2016-01-01
7613-C1	PR-16-132	15278	Notholithocarpus densiflorus	Notholithocarpus	Notholithocarpus densiflorus	2016	United States	California	Curry		Forest			42.2919	-124.39754	CurryCo_List/GLCC_DB			Daniels 2021	2016-01-01
7881-A6	PR-16-118	15279	Notholithocarpus densiflorus	Notholithocarpus	Notholithocarpus densiflorus	2016	United States	California	Curry		Forest			42.29169	-124.3972	CurryCo_List/GLCC_DB			Daniels 2021	2016-01-01
7613-D8	PR-17-373	15295	Notholithocarpus densiflorus	Notholithocarpus	Notholithocarpus densiflorus	2017	United States	California	Curry		Forest					GLCC_DB			Daniels 2021	2017-01-01
7881-E6	PR-16-126	15422	Notholithocarpus densiflorus	Notholithocarpus	Notholithocarpus densiflorus	2016	United States	California	Curry		Forest			42.29179	-124.39801	CurryCo_List/GLCC_DB			Daniels 2021	2016-01-01
7613-A1	PR-16-140	15423	Notholithocarpus densiflorus	Notholithocarpus	Notholithocarpus densiflorus	2016	United States	California	Curry		Forest			42.29163	-124.39736	CurryCo_List/GLCC_DB			Daniels 2021	2016-01-01
7881-E9	PR-16-128	15453	Notholithocarpus densiflorus	Notholithocarpus	Notholithocarpus densiflorus	2016	United States	California	Curry		Forest			42.2915	-124.39806	CurryCo_List/GLCC_DB			Daniels 2021	2016-01-01
7881-C6	PR-16-141	15454	Notholithocarpus densiflorus	Notholithocarpus	Notholithocarpus densiflorus	2016	United States	California	Curry		Forest			42.29132	-124.39821	CurryCo_List/GLCC_DB			Daniels 2021	2016-01-01
7881-B6	PR-16-129	15455	Notholithocarpus densiflorus	Notholithocarpus	Notholithocarpus densiflorus	2016	United States	California	Curry		Forest			42.29176	-124.39835	CurryCo_List/GLCC_DB			Daniels 2021	2016-01-01
7613-B1	PR-16-144	15465	Notholithocarpus densiflorus	Notholithocarpus	Notholithocarpus densiflorus	2016	United States	California	Curry		Forest			42.29116	-124.39548	CurryCo_List/GLCC_DB			Daniels 2021	2016-01-01
7881-D7	PR-16-130	15466	Notholithocarpus densiflorus	Notholithocarpus	Notholithocarpus densiflorus	2016	United States	California	Curry		Forest			42.29182	-124.39737	CurryCo_List/GLCC_DB			Daniels 2021	2016-01-01
7881-G10	PR-16-163	15512	Notholithocarpus densiflorus	Notholithocarpus	Notholithocarpus densiflorus	2016	United States	California	Curry		Forest			42.29247	-124.39927	CurryCo_List/GLCC_DB			Daniels 2021	2016-01-01
7613-F1	PR-16-164	15513	Notholithocarpus densiflorus	Notholithocarpus	Notholithocarpus densiflorus	2016	United States	California	Curry		Forest			42.29147	-124.39869	CurryCo_List/GLCC_DB			Daniels 2021	2016-01-01
7881-F10	PR-16-193	15581	Notholithocarpus densiflorus	Notholithocarpus	Notholithocarpus densiflorus	2016	United States	California	Curry		Forest			42.2919	-124.39764	CurryCo_List/GLCC_DB			Daniels 2021	2016-01-01
7881-F11	PR-16-195	15585	Notholithocarpus densiflorus	Notholithocarpus	Notholithocarpus densiflorus	2016	United States	California	Curry		Forest			42.29176	-124.39729	CurryCo_List/GLCC_DB			Daniels 2021	2016-01-01
7613-B12	PR-16-200	15586	Notholithocarpus densiflorus	Notholithocarpus	Notholithocarpus densiflorus	2016	United States	California	Curry		Forest			42.29177	-124.39722	CurryCo_List/GLCC_DB			Daniels 2021	2016-01-01
7881-H8	PR-16-196	15587	Notholithocarpus densiflorus	Notholithocarpus	Notholithocarpus densiflorus	2016	United States	California	Curry		Forest			42.29167	-124.39727	CurryCo_List/GLCC_DB			Daniels 2021	2016-01-01
7613-D11	PR-17-075	15699	Notholithocarpus densiflorus	Notholithocarpus	Notholithocarpus densiflorus	2017	United States	California	Curry		Forest			42.29308	-124.39828	CurryCo_List/GLCC_DB			Daniels 2021	2017-01-01
7881-A7	PR-17-009	15723	Notholithocarpus densiflorus	Notholithocarpus	Notholithocarpus densiflorus	2017	United States	California	Curry		Forest					GLCC_DB			Daniels 2021	2017-01-01
7613-F12	PR-17-024	15730	Notholithocarpus densiflorus	Notholithocarpus	Notholithocarpus densiflorus	2017	United States	California	Curry		Forest			42.29353	-124.39951	CurryCo_List/GLCC_DB			Daniels 2021	2017-01-01
7613-A12	PR-17-076	15750	Notholithocarpus densiflorus	Notholithocarpus	Notholithocarpus densiflorus	2017	United States	California	Curry		Forest			42.29308	-124.39848	CurryCo_List/GLCC_DB			Daniels 2021	2017-01-01
7613-A4	PR-17-077	15751	Notholithocarpus densiflorus	Notholithocarpus	Notholithocarpus densiflorus	2017	United States	California	Curry		Forest			42.29318	-124.3987	CurryCo_List/GLCC_DB			Daniels 2021	2017-01-01
7613-F2	PR-17-078	15765	Notholithocarpus densiflorus	Notholithocarpus	Notholithocarpus densiflorus	2017	United States	California	Curry		Forest			42.30305	-124.39849	CurryCo_List/GLCC_DB			Daniels 2021	2017-01-01
7613-G2	PR-17-096	15776	Notholithocarpus densiflorus	Notholithocarpus	Notholithocarpus densiflorus	2017	United States	California	Curry		Forest			42.2935	-124.39967	CurryCo_List/GLCC_DB			Daniels 2021	2017-01-01
7613-H2	PR-17-098	15778	Notholithocarpus densiflorus	Notholithocarpus	Notholithocarpus densiflorus	2017	United States	California	Curry		Forest			42.29342	-124.394	CurryCo_List/GLCC_DB			Daniels 2021	2017-01-01
7881-G11	PR-17-100	15780	Notholithocarpus densiflorus	Notholithocarpus	Notholithocarpus densiflorus	2017	United States	California	Curry		Forest			42.2934	-124.39951	CurryCo_List/GLCC_DB			Daniels 2021	2017-01-01
7613-H7	PR-17-122	15790	Notholithocarpus densiflorus	Notholithocarpus	Notholithocarpus densiflorus	2017	United States	California	Curry		Forest			42.29417	-124.39967	CurryCo_List/GLCC_DB			Daniels 2021	2017-01-01
7881-G9	PR-17-128	15800	Notholithocarpus densiflorus	Notholithocarpus	Notholithocarpus densiflorus	2017	United States	California	Curry		Forest			42.3029	-124.39862	CurryCo_List/GLCC_DB			Daniels 2021	2017-01-01
7613-C4	PR-17-130	15802	Notholithocarpus densiflorus	Notholithocarpus	Notholithocarpus densiflorus	2017	United States	California	Curry		Forest			42.30304	-124.39926	CurryCo_List/GLCC_DB			Daniels 2021	2017-01-01
7613-A11	PR-17-165	15814	Notholithocarpus densiflorus	Notholithocarpus	Notholithocarpus densiflorus	2017	United States	California	Curry		Forest			42.29689	-124.40076	CurryCo_List/GLCC_DB			Daniels 2021	2017-01-01
7613-C3	PR-17-167	15823	Notholithocarpus densiflorus	Notholithocarpus	Notholithocarpus densiflorus	2017	United States	California	Curry		Forest			42.29354	-124.39828	CurryCo_List/GLCC_DB			Daniels 2021	2017-01-01
7613-D4	PR-17-192	15833	Notholithocarpus densiflorus	Notholithocarpus	Notholithocarpus densiflorus	2017	United States	California	Curry		Forest			42.30286	-124.40084	CurryCo_List/GLCC_DB			Daniels 2021	2017-01-01
7881-G8	PR-17-212	15834	Notholithocarpus densiflorus	Notholithocarpus	Notholithocarpus densiflorus	2017	United States	California	Curry		Forest			42.30525	-124.40121	CurryCo_List/GLCC_DB			Daniels 2021	2017-01-01
7613-G1	PR-17-216	15840	Notholithocarpus densiflorus	Notholithocarpus	Notholithocarpus densiflorus	2017	United States	California	Curry		Forest			42.29595	-124.39743	CurryCo_List/GLCC_DB			Daniels 2021	2017-01-01
7613-C8	PR-17-218	15844	Notholithocarpus densiflorus	Notholithocarpus	Notholithocarpus densiflorus	2017	United States	California	Curry		Forest			42.29356	-124.39486	CurryCo_List/GLCC_DB			Daniels 2021	2017-01-01
7613-G8	PR-17-294	15847	Notholithocarpus densiflorus	Notholithocarpus	Notholithocarpus densiflorus	2017	United States	California	Curry		Forest			42.30508	-124.39986	CurryCo_List/GLCC_DB			Daniels 2021	2017-01-01
7613-H8	PR-17-295	15848	Notholithocarpus densiflorus	Notholithocarpus	Notholithocarpus densiflorus	2017	United States	California	Curry		Forest			42.30552	-124.39943	CurryCo_List/GLCC_DB			Daniels 2021	2017-01-01
7613-E9	PR-17-297	15850	Notholithocarpus densiflorus	Notholithocarpus	Notholithocarpus densiflorus	2017	United States	California	Curry		Forest			42.30584	-124.40054	CurryCo_List/GLCC_DB			Daniels 2021	2017-01-01
7613-F3	PR-17-228	15855	Notholithocarpus densiflorus	Notholithocarpus	Notholithocarpus densiflorus	2017	United States	California	Curry		Forest			42.29282	-124.39279	CurryCo_List/GLCC_DB			Daniels 2021	2017-01-01
7613-A7	PR-17-220	15856	Notholithocarpus densiflorus	Notholithocarpus	Notholithocarpus densiflorus	2017	United States	California	Curry		Forest			42.29331	-124.39374	CurryCo_List/GLCC_DB			Daniels 2021	2017-01-01
7613-E2	PR-17-275	15865	Notholithocarpus densiflorus	Notholithocarpus	Notholithocarpus densiflorus	2017	United States	California	Curry		Forest			42.29325	-124.39245	CurryCo_List/GLCC_DB			Daniels 2021	2017-01-01
7613-D2	PR-17-244	15874	Notholithocarpus densiflorus	Notholithocarpus	Notholithocarpus densiflorus	2017	United States	California	Curry		Forest			42.2932	-124.39419	CurryCo_List/GLCC_DB			Daniels 2021	2017-01-01
7613-A10	PR-17-245	15875	Notholithocarpus densiflorus	Notholithocarpus	Notholithocarpus densiflorus	2017	United States	California	Curry		Forest			42.29196	-124.39355	CurryCo_List/GLCC_DB			Daniels 2021	2017-01-01
7881-G7	PR-17-247	15877	Notholithocarpus densiflorus	Notholithocarpus	Notholithocarpus densiflorus	2017	United States	California	Curry		Forest			42.29146	-124.39326	CurryCo_List/GLCC_DB			Daniels 2021	2017-01-01
7613-G10	PR-17-250	15881	Notholithocarpus densiflorus	Notholithocarpus	Notholithocarpus densiflorus	2017	United States	California	Curry		Forest			42.30639	-124.40017	CurryCo_List/GLCC_DB			Daniels 2021	2017-01-01
7613-B2	PR-17-299	15900	Notholithocarpus densiflorus	Notholithocarpus	Notholithocarpus densiflorus	2017	United States	California	Curry		Forest			42.30658	-124.40266	CurryCo_List/GLCC_DB			Daniels 2021	2017-01-01
7613-H6	PR-17-301	15903	Notholithocarpus densiflorus	Notholithocarpus	Notholithocarpus densiflorus	2017	United States	California	Curry		Forest			42.30692	-124.40102	CurryCo_List/GLCC_DB			Daniels 2021	2017-01-01
7613-E6	PR-17-314	15916	Notholithocarpus densiflorus	Notholithocarpus	Notholithocarpus densiflorus	2017	United States	California	Curry		Forest			42.293	-124.39806	CurryCo_List/GLCC_DB			Daniels 2021	2017-01-01
7613-H10	PR-17-315	15917	Notholithocarpus densiflorus	Notholithocarpus	Notholithocarpus densiflorus	2017	United States	California	Curry		Forest			42.2947	-124.39073	CurryCo_List/GLCC_DB			Daniels 2021	2017-01-01
7613-F6	PR-17-333	15919	Notholithocarpus densiflorus	Notholithocarpus	Notholithocarpus densiflorus	2017	United States	California	Curry		Forest			42.29836	-124.39231	CurryCo_List/GLCC_DB			Daniels 2021	2017-01-01
7613-A6	PR-17-363	15937	Notholithocarpus densiflorus	Notholithocarpus	Notholithocarpus densiflorus	2017	United States	California	Curry		Forest			42.32046	-124.40215	CurryCo_List/GLCC_DB			Daniels 2021	2017-01-01
7881-H10	PR-17-374	15938	Notholithocarpus densiflorus	Notholithocarpus	Notholithocarpus densiflorus	2017	United States	California	Curry		Forest			42.33006	-124.40855	CurryCo_List/GLCC_DB			Daniels 2021	2017-01-01
7613-C2	PR-17-375	15939	Notholithocarpus densiflorus	Notholithocarpus	Notholithocarpus densiflorus	2017	United States	California	Curry		Forest			42.33001	-124.40851	CurryCo_List/GLCC_DB			Daniels 2021	2017-01-01
7613-D9	PR-17-376	15942.1	Notholithocarpus densiflorus	Notholithocarpus	Notholithocarpus densiflorus	2017	United States	California	Curry		Forest			42.32917	-124.40677	CurryCo_List/GLCC_DB			Daniels 2021	2017-01-01
7881-E7	PR-17-337	15950	Notholithocarpus densiflorus	Notholithocarpus	Notholithocarpus densiflorus	2017	United States	California	Curry		Forest			42.30758	-124.40366	CurryCo_List/GLCC_DB			Daniels 2021	2017-01-01
7613-E7	PR-17-338	15951	Notholithocarpus densiflorus	Notholithocarpus	Notholithocarpus densiflorus	2017	United States	California	Curry		Forest			42.30854	-124.40346	CurryCo_List/GLCC_DB			Daniels 2021	2017-01-01
7613-H9	PR-17-339	15952	Notholithocarpus densiflorus	Notholithocarpus	Notholithocarpus densiflorus	2017	United States	California	Curry		Forest			42.30905	-124.4038	CurryCo_List/GLCC_DB			Daniels 2021	2017-01-01
7613-G9	PR-17-340	15953	Notholithocarpus densiflorus	Notholithocarpus	Notholithocarpus densiflorus	2017	United States	California	Curry		Forest			42.32642	-124.40691	CurryCo_List/GLCC_DB			Daniels 2021	2017-01-01
7613-C10	PR-17-364	15958	Notholithocarpus densiflorus	Notholithocarpus	Notholithocarpus densiflorus	2017	United States	California	Curry		Forest			42.31972	-124.40417	CurryCo_List/GLCC_DB			Daniels 2021	2017-01-01
7613-C9	PR-17-377	15965	Notholithocarpus densiflorus	Notholithocarpus	Notholithocarpus densiflorus	2017	United States	California	Curry		Forest			42.32747	-124.40766	CurryCo_List/GLCC_DB			Daniels 2021	2017-01-01
7613-D7	PR-17-378	15966	Notholithocarpus densiflorus	Notholithocarpus	Notholithocarpus densiflorus	2017	United States	California	Curry		Forest			42.32708	-124.40683	CurryCo_List/GLCC_DB			Daniels 2021	2017-01-01
7613-F9	PR-17-380	15976	Notholithocarpus densiflorus	Notholithocarpus	Notholithocarpus densiflorus	2017	United States	California	Curry		Forest			42.32252	-124.40235	CurryCo_List/GLCC_DB			Daniels 2021	2017-01-01
7613-B10	PR-17-381	15978	Notholithocarpus densiflorus	Notholithocarpus	Notholithocarpus densiflorus	2017	United States	California	Curry		Forest			42.33063	-124.40646	CurryCo_List/GLCC_DB			Daniels 2021	2017-01-01
7613-A3	PR-17-386	15979	Notholithocarpus densiflorus	Notholithocarpus	Notholithocarpus densiflorus	2017	United States	California	Curry		Forest			42.33202	-124.40817	CurryCo_List/GLCC_DB			Daniels 2021	2017-01-01
7881-F9	PR-17-369	15983	Notholithocarpus densiflorus	Notholithocarpus	Notholithocarpus densiflorus	2017	United States	California	Curry		Forest			42.3205	-124.4045	CurryCo_List/GLCC_DB			Daniels 2021	2017-01-01
7881-H9	PR-17-367	15984	Notholithocarpus densiflorus	Notholithocarpus	Notholithocarpus densiflorus	2017	United States	California	Curry		Forest			42.31017	-124.39842	CurryCo_List/GLCC_DB			Daniels 2021	2017-01-01
7881-F7	PR-17-387	15986	Notholithocarpus densiflorus	Notholithocarpus	Notholithocarpus densiflorus	2017	United States	California	Curry		Forest			42.3337	-124.40857	CurryCo_List/GLCC_DB			Daniels 2021	2017-01-01
7881-F5	PR-17-388	15987	Notholithocarpus densiflorus	Notholithocarpus	Notholithocarpus densiflorus	2017	United States	California	Curry		Forest			42.33406	-124.40667	CurryCo_List/GLCC_DB			Daniels 2021	2017-01-01
7881-H6	PR-17-371	15988	Notholithocarpus densiflorus	Notholithocarpus	Notholithocarpus densiflorus	2017	United States	California	Curry		Forest			42.33043	-124.40566	CurryCo_List/GLCC_DB			Daniels 2021	2017-01-01
7613-G11	PR-17-390	15992	Notholithocarpus densiflorus	Notholithocarpus	Notholithocarpus densiflorus	2017	United States	California	Curry		Forest			42.3359	-124.36069	CurryCo_List/GLCC_DB			Daniels 2021	2017-01-01
7613-G12	PR-17-391	15993	Notholithocarpus densiflorus	Notholithocarpus	Notholithocarpus densiflorus	2017	United States	California	Curry		Forest			42.33583	-124.36071	CurryCo_List/GLCC_DB			Daniels 2021	2017-01-01
7613-F8	PR-17-402	15995	Notholithocarpus densiflorus	Notholithocarpus	Notholithocarpus densiflorus	2017	United States	California	Curry		Forest			42.29449	-124.38777	CurryCo_List/GLCC_DB			Daniels 2021	2017-01-01
7613-H12	PR-17-404	15997	Notholithocarpus densiflorus	Notholithocarpus	Notholithocarpus densiflorus	2017	United States	California	Curry		Forest			42.29917	-124.38767	CurryCo_List/GLCC_DB			Daniels 2021	2017-01-01
7613-E8	PR-17-406	15999	Notholithocarpus densiflorus	Notholithocarpus	Notholithocarpus densiflorus	2017	United States	California	Curry		Forest			42.29848	-124.3869	CurryCo_List/GLCC_DB			Daniels 2021	2017-01-01
7613-E10	PR-17-407	16017	Notholithocarpus densiflorus	Notholithocarpus	Notholithocarpus densiflorus	2017	United States	California	Curry		Forest			42.29697	-124.38154	CurryCo_List/GLCC_DB			Daniels 2021	2017-01-01
7613-C12	PR-17-408	16018	Notholithocarpus densiflorus	Notholithocarpus	Notholithocarpus densiflorus	2017	United States	California	Curry		Forest			42.2954	-124.38299	CurryCo_List/GLCC_DB			Daniels 2021	2017-01-01
7613-F10	PR-17-409	16030	Notholithocarpus densiflorus	Notholithocarpus	Notholithocarpus densiflorus	2017	United States	California	Curry		Forest			42.29557	-124.38747	CurryCo_List/GLCC_DB			Daniels 2021	2017-01-01
7613-B6	PR-17-410	16031	Notholithocarpus densiflorus	Notholithocarpus	Notholithocarpus densiflorus	2017	United States	California	Curry		Forest			42.29632	-124.38646	CurryCo_List/GLCC_DB			Daniels 2021	2017-01-01
7613-C6	PR-17-411	16034	Notholithocarpus densiflorus	Notholithocarpus	Notholithocarpus densiflorus	2017	United States	California	Curry		Forest			42.29174	-124.39071	CurryCo_List/GLCC_DB			Daniels 2021	2017-01-01
7613-D12	PR-17-428	16063	Notholithocarpus densiflorus	Notholithocarpus	Notholithocarpus densiflorus	2017	United States	California	Curry		Forest			42.32949	-124.40826	CurryCo_List/GLCC_DB			Daniels 2021	2017-01-01
7613-E12	PR-17-429	16066	Notholithocarpus densiflorus	Notholithocarpus	Notholithocarpus densiflorus	2017	United States	California	Curry		Forest			42.32659	-124.40571	CurryCo_List/GLCC_DB			Daniels 2021	2017-01-01
7613-H11		16203	Notholithocarpus densiflorus	Notholithocarpus	Notholithocarpus densiflorus	2018	United States	California	Curry					42.33438817	-124.4058502	CurryCo_List			Daniels 2021	2018-01-01
7613-D6	PR-18-047	16226	Notholithocarpus densiflorus	Notholithocarpus	Notholithocarpus densiflorus	2018	United States	California	Curry		Forest			42.29683	-124.39667	CurryCo_List/GLCC_DB			Daniels 2021	2018-01-01
7881-H7	PR-18-039	16227	Notholithocarpus densiflorus	Notholithocarpus	Notholithocarpus densiflorus	2018	United States	California	Curry		Forest			42.29697	-124.39788	CurryCo_List/GLCC_DB			Daniels 2021	2018-01-01
7881-F8	PR-18-040	16228	Notholithocarpus densiflorus	Notholithocarpus	Notholithocarpus densiflorus	2018	United States	California	Curry		Forest			42.29653	-124.39838	CurryCo_List/GLCC_DB			Daniels 2021	2018-01-01
7881-B11	PR-18-041	16229	Notholithocarpus densiflorus	Notholithocarpus	Notholithocarpus densiflorus	2018	United States	California	Curry		Forest			42.2961	-124.40145	CurryCo_List/GLCC_DB			Daniels 2021	2018-01-01
7881-E8	PR-18-042	16230	Notholithocarpus densiflorus	Notholithocarpus	Notholithocarpus densiflorus	2018	United States	California	Curry		Forest			42.29413487	-124.4015792	CurryCo_List/GLCC_DB			Daniels 2021	2018-01-01
7881-C11	PR-18-043	16231	Notholithocarpus densiflorus	Notholithocarpus	Notholithocarpus densiflorus	2018	United States	California	Curry		Forest			42.29628122	-124.4003031	CurryCo_List/GLCC_DB			Daniels 2021	2018-01-01
7613-H1	PR-18-044	16232	Notholithocarpus densiflorus	Notholithocarpus	Notholithocarpus densiflorus	2018	United States	California	Curry		Forest			42.2944908	-124.401206	CurryCo_List/GLCC_DB			Daniels 2021	2018-01-01
7881-D11	PR-18-048	16233	Notholithocarpus densiflorus	Notholithocarpus	Notholithocarpus densiflorus	2018	United States	California	Curry		Forest			42.29741208	-124.4019676	CurryCo_List/GLCC_DB			Daniels 2021	2018-01-01
7881-C9	PR-18-054	16245	Notholithocarpus densiflorus	Notholithocarpus	Notholithocarpus densiflorus	2018	United States	California	Curry		Forest			42.33263479	-124.3836728	CurryCo_List/GLCC_DB			Daniels 2021	2018-01-01
7881-A9	PR-18-055	16246	Notholithocarpus densiflorus	Notholithocarpus	Notholithocarpus densiflorus	2018	United States	California	Curry		Forest			42.33257872	-124.3837086	CurryCo_List/GLCC_DB			Daniels 2021	2018-01-01
7613-B8	PR-18-135	16271	Notholithocarpus densiflorus	Notholithocarpus	Notholithocarpus densiflorus	2018	United States	California	Curry		Forest			42.29578	-124.39613	CurryCo_List/GLCC_DB			Daniels 2021	2018-01-01
7613-A8	PR-18-174	16285	Notholithocarpus densiflorus	Notholithocarpus	Notholithocarpus densiflorus	2018	United States	California	Curry		Forest			42.29804	-124.40181	CurryCo_List/GLCC_DB			Daniels 2021	2018-01-01
7881-H3	PR-18-176	16287	Notholithocarpus densiflorus	Notholithocarpus	Notholithocarpus densiflorus	2018	United States	California	Curry		Forest			42.2983834	-124.4033067	CurryCo_List/GLCC_DB			Daniels 2021	2018-01-01
7613-G7	PR-18-185	16292	Notholithocarpus densiflorus	Notholithocarpus	Notholithocarpus densiflorus	2018	United States	California	Curry		Forest			42.33272934	-124.4028586	CurryCo_List/GLCC_DB			Daniels 2021	2018-01-01
7881-E11	PR-18-193	16296	Notholithocarpus densiflorus	Notholithocarpus	Notholithocarpus densiflorus	2018	United States	California	Curry		Forest			42.32847728	-124.4111329	CurryCo_List/GLCC_DB			Daniels 2021	2018-01-01
7881-F4	PR-18-197	16298	Notholithocarpus densiflorus	Notholithocarpus	Notholithocarpus densiflorus	2018	United States	California	Curry		Forest			42.33237445	-124.406187	CurryCo_List/GLCC_DB			Daniels 2021	2018-01-01
7881-B7	PR-18-266	16316	Notholithocarpus densiflorus	Notholithocarpus	Notholithocarpus densiflorus	2018	United States	California	Curry		Forest			42.33631327	-124.3579418	CurryCo_List/GLCC_DB			Daniels 2021	2018-01-01
7881-D5	PR-18-143	16379	Notholithocarpus densiflorus	Notholithocarpus	Notholithocarpus densiflorus	2018	United States	California	Curry		Forest			42.30115764	-124.3818502	CurryCo_List/GLCC_DB			Daniels 2021	2018-01-01
7613-F7	PR-18-144	16380	Notholithocarpus densiflorus	Notholithocarpus	Notholithocarpus densiflorus	2018	United States	California	Curry		Forest			42.30108355	-124.3812713	CurryCo_List/GLCC_DB			Daniels 2021	2018-01-01
7613-B4	PR-18-149	16381	Notholithocarpus densiflorus	Notholithocarpus	Notholithocarpus densiflorus	2018	United States	California	Curry		Forest			42.3009936	-124.3819455	CurryCo_List/GLCC_DB			Daniels 2021	2018-01-01
7613-A9	PR-18-166	16408	Notholithocarpus densiflorus	Notholithocarpus	Notholithocarpus densiflorus	2018	United States	California	Curry		Forest			42.33158974	-124.3854524	CurryCo_List/GLCC_DB			Daniels 2021	2018-01-01
7881-E4	PR-18-177	16414	Notholithocarpus densiflorus	Notholithocarpus	Notholithocarpus densiflorus	2018	United States	California	Curry		Forest			42.33082269	-124.404804	CurryCo_List/GLCC_DB			Daniels 2021	2018-01-01
7613-F11	PR-18-167	16415	Notholithocarpus densiflorus	Notholithocarpus	Notholithocarpus densiflorus	2018	United States	California	Curry		Forest			42.33090798	-124.405053	CurryCo_List/GLCC_DB			Daniels 2021	2018-01-01
7881-B9	PR-18-168	16416	Notholithocarpus densiflorus	Notholithocarpus	Notholithocarpus densiflorus	2018	United States	California	Curry		Forest			42.3311627	-124.4047792	CurryCo_List/GLCC_DB			Daniels 2021	2018-01-01
7613-E11	PR-18-169	16418	Notholithocarpus densiflorus	Notholithocarpus	Notholithocarpus densiflorus	2018	United States	California	Curry		Forest			42.3032803	-124.3880929	CurryCo_List/GLCC_DB			Daniels 2021	2018-01-01
7613-C11	PR-18-179	16429	Notholithocarpus densiflorus	Notholithocarpus	Notholithocarpus densiflorus	2018	United States	California	Curry		Forest			42.33097375	-124.403392	CurryCo_List/GLCC_DB			Daniels 2021	2018-01-01
7613-B11	PR-18-190	16438	Notholithocarpus densiflorus	Notholithocarpus	Notholithocarpus densiflorus	2018	United States	California	Curry		Forest			42.33433933	-124.3997998	CurryCo_List/GLCC_DB			Daniels 2021	2018-01-01
7881-D9	PR-18-183	16439	Notholithocarpus densiflorus	Notholithocarpus	Notholithocarpus densiflorus	2018	United States	California	Curry		Forest			42.33426247	-124.4002058	CurryCo_List/GLCC_DB			Daniels 2021	2018-01-01
7881-G4	PR-18-212	16457	Notholithocarpus densiflorus	Notholithocarpus	Notholithocarpus densiflorus	2018	United States	California	Curry		Forest			42.30942145	-124.3999789	CurryCo_List/GLCC_DB			Daniels 2021	2018-01-01
7881-D4	PR-18-219	16501	Notholithocarpus densiflorus	Notholithocarpus	Notholithocarpus densiflorus	2018	United States	California	Curry		Forest			42.30850581	-124.4009397	CurryCo_List/GLCC_DB			Daniels 2021	2018-01-01
7613-D10	PR-18-270	16543	Notholithocarpus densiflorus	Notholithocarpus	Notholithocarpus densiflorus	2018	United States	California	Curry		Forest			42.33634487	-124.3581126	CurryCo_List/GLCC_DB			Daniels 2021	2018-01-01
7613-F5	PR-18-222	16551	Notholithocarpus densiflorus	Notholithocarpus	Notholithocarpus densiflorus	2018	United States	California	Curry		Forest			42.3315627	-124.3927389	CurryCo_List/GLCC_DB			Daniels 2021	2018-01-01
7881-C4	PR-18-225	16555	Notholithocarpus densiflorus	Notholithocarpus	Notholithocarpus densiflorus	2018	United States	California	Curry		Forest			42.30931005	-124.4012615	CurryCo_List/GLCC_DB			Daniels 2021	2018-01-01
7881-C7	PR-18-226	16556	Notholithocarpus densiflorus	Notholithocarpus	Notholithocarpus densiflorus	2018	United States	California	Curry		Forest			42.30975467	-124.4013666	CurryCo_List/GLCC_DB			Daniels 2021	2018-01-01
7613-B9	PR-18-281	16626	Notholithocarpus densiflorus	Notholithocarpus	Notholithocarpus densiflorus	2018	United States	California	Curry		Forest			42.3452962	-124.4142414	CurryCo_List/GLCC_DB			Daniels 2021	2018-01-01
7613-G5	PR-18-282	16627	Notholithocarpus densiflorus	Notholithocarpus	Notholithocarpus densiflorus	2018	United States	California	Curry		Forest			42.34535844	-124.4142404	CurryCo_List/GLCC_DB			Daniels 2021	2018-01-01
7613-G6	PR-18-283	16629	Notholithocarpus densiflorus	Notholithocarpus	Notholithocarpus densiflorus	2018	United States	California	Curry		Forest			42.34574026	-124.4127144	CurryCo_List/GLCC_DB			Daniels 2021	2018-01-01
7881-A10	PR-18-324	16676	Notholithocarpus densiflorus	Notholithocarpus	Notholithocarpus densiflorus	2018	United States	California	Curry		Forest			42.29316567	-124.3872632	CurryCo_List/GLCC_DB			Daniels 2021	2018-01-01
7881-B10	PR-18-376	16682	Notholithocarpus densiflorus	Notholithocarpus	Notholithocarpus densiflorus	2019	United States	California	Curry		Forest			42.28776	-124.37798	CurryCo_List/GLCC_DB			Daniels 2021	2019-01-01
7881-C10	PR-18-377	16685	Notholithocarpus densiflorus	Notholithocarpus	Notholithocarpus densiflorus	2019	United States	California	Curry		Forest			42.2999	-124.4035	CurryCo_List/GLCC_DB			Daniels 2021	2019-01-01
7881-D10	PR-19-009	16688	Notholithocarpus densiflorus	Notholithocarpus	Notholithocarpus densiflorus	2019	United States	California	Curry		Forest			42.32624736	-124.402193	CurryCo_List/GLCC_DB			Daniels 2021	2019-01-01
7881-A8	PR-19-010	16689	Notholithocarpus densiflorus	Notholithocarpus	Notholithocarpus densiflorus	2019	United States	California	Curry		Forest			42.32636496	-124.4021628	CurryCo_List/GLCC_DB			Daniels 2021	2019-01-01
7881-E10	PR-19-011	16690	Notholithocarpus densiflorus	Notholithocarpus	Notholithocarpus densiflorus	2019	United States	California	Curry		Forest			42.32565329	-124.4001623	CurryCo_List/GLCC_DB			Daniels 2021	2019-01-01
7613-G4	PR-19-013	16692	Notholithocarpus densiflorus	Notholithocarpus	Notholithocarpus densiflorus	2019	United States	California	Curry		Forest			42.32173584	-124.4124644	CurryCo_List/GLCC_DB			Daniels 2021	2019-01-01
7881-F6	PR-19-014	16694	Notholithocarpus densiflorus	Notholithocarpus	Notholithocarpus densiflorus	2019	United States	California	Curry		Forest			42.3219	-124.41222	CurryCo_List/GLCC_DB			Daniels 2021	2019-01-01
7881-H4	PR-18-325	16736	Notholithocarpus densiflorus	Notholithocarpus	Notholithocarpus densiflorus	2018	United States	California	Curry		Forest			42.343896	-124.4053826	CurryCo_List/GLCC_DB			Daniels 2021	2018-01-01
7881-C8	PR-18-328	16743	Notholithocarpus densiflorus	Notholithocarpus	Notholithocarpus densiflorus	2018	United States	California	Curry		Forest			42.29392729	-124.3862809	CurryCo_List/GLCC_DB			Daniels 2021	2018-01-01
7881-D8	PR-18-330	16745	Notholithocarpus densiflorus	Notholithocarpus	Notholithocarpus densiflorus	2018	United States	California	Curry		Forest			42.29139491	-124.3872468	CurryCo_List/GLCC_DB			Daniels 2021	2018-01-01
7613-D3	PR-18-320	16753	Notholithocarpus densiflorus	Notholithocarpus	Notholithocarpus densiflorus	2018	United States	California	Curry		Forest			42.338834	-124.407969	CurryCo_List/GLCC_DB			Daniels 2021	2018-01-01
7881-A5	PR-18-331	16802	Notholithocarpus densiflorus	Notholithocarpus	Notholithocarpus densiflorus	2018	United States	California	Curry		Forest			42.33169984	-124.3944806	CurryCo_List/GLCC_DB			Daniels 2021	2018-01-01
7613-E3	PR-18-346	16818	Notholithocarpus densiflorus	Notholithocarpus	Notholithocarpus densiflorus	2018	United States	California	Curry		Forest			42.34168389	-124.4079532	CurryCo_List/GLCC_DB			Daniels 2021	2018-01-01
7613-G3	PR-18-347	16819	Notholithocarpus densiflorus	Notholithocarpus	Notholithocarpus densiflorus	2018	United States	California	Curry		Forest			42.34164488	-124.4079924	CurryCo_List/GLCC_DB			Daniels 2021	2018-01-01
7881-C5	PR-18-354	16827	Notholithocarpus densiflorus	Notholithocarpus	Notholithocarpus densiflorus	2018	United States	California	Curry		Forest			42.29002179	-124.3837119	CurryCo_List/GLCC_DB			Daniels 2021	2018-01-01
7613-H3	PR-18-332	16852	Notholithocarpus densiflorus	Notholithocarpus	Notholithocarpus densiflorus	2018	United States	California	Curry		Forest			42.3535533	-124.4066722	CurryCo_List/GLCC_DB			Daniels 2021	2018-01-01
7881-B5	PR-18-333	16853	Notholithocarpus densiflorus	Notholithocarpus	Notholithocarpus densiflorus	2018	United States	California	Curry		Forest			42.35350489	-124.4063179	CurryCo_List/GLCC_DB			Daniels 2021	2018-01-01
7881-D6	PR-18-351	16885	Notholithocarpus densiflorus	Notholithocarpus	Notholithocarpus densiflorus	2018	United States	California	Curry		Forest			42.33124897	-124.3785557	CurryCo_List/GLCC_DB			Daniels 2021	2018-01-01
7613-E1	PR-19-001	16971	Notholithocarpus densiflorus	Notholithocarpus	Notholithocarpus densiflorus	2019	United States	California	Curry		Forest			42.29011	-124.39215	CurryCo_List/GLCC_DB			Daniels 2021	2019-01-01
7881-G6	PR-19-002	16972	Notholithocarpus densiflorus	Notholithocarpus	Notholithocarpus densiflorus	2019	United States	California	Curry		Forest			42.29051	-124.39198	CurryCo_List/GLCC_DB			Daniels 2021	2019-01-01
7881-E5	PR-19-003	16973	Notholithocarpus densiflorus	Notholithocarpus	Notholithocarpus densiflorus	2019	United States	California	Curry		Forest			42.29049	-124.39166	CurryCo_List/GLCC_DB			Daniels 2021	2019-01-01
7881-H5	PR-19-004	16976	Notholithocarpus densiflorus	Notholithocarpus	Notholithocarpus densiflorus	2019	United States	California	Curry		Forest			42.32055534	-124.3795487	CurryCo_List/GLCC_DB			Daniels 2021	2019-01-01
7881-B8	PR-19-023	16977	Notholithocarpus densiflorus	Notholithocarpus	Notholithocarpus densiflorus	2019	United States	California	Curry		Forest			42.32064243	-124.3794839	CurryCo_List/GLCC_DB			Daniels 2021	2019-01-01
7881-A4	PR-19-005	16979	Notholithocarpus densiflorus	Notholithocarpus	Notholithocarpus densiflorus	2019	United States	California	Curry		Forest			42.3215551	-124.3731253	CurryCo_List/GLCC_DB			Daniels 2021	2019-01-01
7881-B4	PR-19-024	16983	Notholithocarpus densiflorus	Notholithocarpus	Notholithocarpus densiflorus	2019	United States	California	Curry		Forest			42.31594237	-124.4050178	CurryCo_List/GLCC_DB			Daniels 2021	2019-01-01
7613-B3	PR-19-006	16984	Notholithocarpus densiflorus	Notholithocarpus	Notholithocarpus densiflorus	2019	United States	California	Curry		Forest			42.32719344	-124.3825573	CurryCo_List/GLCC_DB			Daniels 2021	2019-01-01
7613-H4	PR-19-025	16985	Notholithocarpus densiflorus	Notholithocarpus	Notholithocarpus densiflorus	2019	United States	California	Curry		Forest			42.32729195	-124.382436	CurryCo_List/GLCC_DB			Daniels 2021	2019-01-01
7613-F4	PR-19-026	16988	Notholithocarpus densiflorus	Notholithocarpus	Notholithocarpus densiflorus	2019	United States	California	Curry		Forest			42.33521709	-124.3814073	CurryCo_List/GLCC_DB			Daniels 2021	2019-01-01
7613-E4	PR-19-007	16989	Notholithocarpus densiflorus	Notholithocarpus	Notholithocarpus densiflorus	2019	United States	California	Curry		Forest			42.30477671	-124.3972228	CurryCo_List/GLCC_DB			Daniels 2021	2019-01-01
7613-D5	PR-19-008	16991	Notholithocarpus densiflorus	Notholithocarpus	Notholithocarpus densiflorus	2019	United States	California	Curry		Forest			42.32546491	-124.3826399	CurryCo_List/GLCC_DB			Daniels 2021	2019-01-01
7613-E5	PR-19-027	16992	Notholithocarpus densiflorus	Notholithocarpus	Notholithocarpus densiflorus	2019	United States	California	Curry		Forest			42.32535819	-124.3826387	CurryCo_List/GLCC_DB			Daniels 2021	2019-01-01
7613-A5	PR-19-028	16993	Notholithocarpus densiflorus	Notholithocarpus	Notholithocarpus densiflorus	2019	United States	California	Curry		Forest			42.32573902	-124.3826597	CurryCo_List/GLCC_DB			Daniels 2021	2019-01-01
7613-B7	PR-19-029	16994	Notholithocarpus densiflorus	Notholithocarpus	Notholithocarpus densiflorus	2019	United States	California	Curry		Forest			42.32553708	-124.3822204	CurryCo_List/GLCC_DB			Daniels 2021	2019-01-01
Pram_PR_11_009_NA1	PR-11-009	1365048	Umbellularia californica	Umbellularia	Umbellularia californica	2011	United States	California	Marin							GLCC_DB			Culture collection	2011-01-01
CDFA1418886	PR-07-121	1418886	Other	Camellia	Other	2004	United States	California	Marin							ksuga_list		duplicate	Elliott et al. 2018	2004-01-01
Pram_PR_07_121_NA1	PR-07-121	1418886	Other	Camellia	Other	2005	United States	California	Marin							GLCC_DB		duplicate	Culture collection	2005-01-01
Pram_PR_11_010_NA1	PR-11-010	1496607	Other	Camellia	Other	2011	United States	California	Sacramento							GLCC_DB			Culture collection	2011-01-01
Pram_PR_11_020_NA1	PR-11-020	1625769	Other	Other	Other	2011	United States	California	Alameda							GLCC_DB			Culture collection	2011-01-01
Pram_PR_08_134_NA1	PR-08-134	08-SNJ-GO/NC-5B	Rhododendron sp.	Rhododendron	Other	2008	United States	North Carolina		Pineville		soil under plants				GLCC_DB			Culture collection	2008-01-01
Pram_PR-09-150_EU1	PR-09-150	09-617-17 ODA	Other	Rhododendron	Other	2009	United States	Oregon	Clackamas		Nursery					GLCC_DB			Culture collection	2009-01-01
WSU107-0072	PR-09-074	107-0072	Rhododendron sp.	Rhododendron	Other	2007	United States	Washington								GLCC_DB			Elliott et al. 2018	2007-01-01
WSU107-0081	PR-09-077	107-0081	Other	Other	Other	2007	United States	Washington								GLCC_DB			Elliott et al. 2018	2007-01-01
WSU107-0086		107-0086	Rhododendron sp.	Rhododendron	Other	2007	United States	Washington									no data		Elliott et al. 2018	2007-01-01
WSU108-0021		108-0021	Other	Viburnum	Other	2008	United States	Washington									no data		Elliott et al. 2018	2008-01-01
Pram_PR-10-145_EU1	PR-10-145	10-923-6-1j	Rhododendron sp.	Rhododendron	Other	2010	United States	Oregon	Multnomah	Gresham	Nursery	leaf				GLCC_DB			Culture collection	2010-01-01
WSU111-0001	PR-13-055	111-0001	Other	Other	Other	2011	United States	Washington				water				GLCC_DB			Elliott et al. 2018	2011-01-01
WSU115-0118		115-0118	Rhododendron sp.	Rhododendron	Other	2015	United States	Washington									no data		Elliott et al. 2018	2015-01-01
Pram_PR-06-028_EU1	PR-06-028	1369017-11	Other	Other	Other	2006	United States	California	Humboldt							GLCC_DB			Culture collection	2006-01-01
PR-13-085	PR-13-085	13774-9174	Notholithocarpus densiflorus	Notholithocarpus	Notholithocarpus densiflorus	2013	United States	Oregon	Curry		Forest	bark				GLCC_DB			Culture collection	2013-01-01
PR-13-109	PR-13-109	13867-9117	Notholithocarpus densiflorus	Notholithocarpus	Notholithocarpus densiflorus	2013	United States	Oregon	Curry		Forest	bark				GLCC_DB			Culture collection	2013-01-01
PR-13-116	PR-13-116	13885-9177	Notholithocarpus densiflorus	Notholithocarpus	Notholithocarpus densiflorus	2013	United States	Oregon	Curry		Forest	bark				GLCC_DB			Culture collection	2013-01-01
PR-13-122	PR-13-122	13893-9178	Notholithocarpus densiflorus	Notholithocarpus	Notholithocarpus densiflorus	2013	United States	Oregon	Curry		Forest	bark				GLCC_DB			Culture collection	2013-01-01
PR-13-127	PR-13-127	13904-9180	Notholithocarpus densiflorus	Notholithocarpus	Notholithocarpus densiflorus	2013	United States	Oregon	Curry		Forest	bark				GLCC_DB			Culture collection	2013-01-01
PR-13-172	PR-13-172	13931-9204	Notholithocarpus densiflorus	Notholithocarpus	Notholithocarpus densiflorus	2013	United States	Oregon	Curry		Forest	bark				GLCC_DB			Culture collection	2013-01-01
Pram_PR_07_101_NA1	PR-07-101	1428631-1	Other	Camellia	Other	2007	United States	California	Sonoma							GLCC_DB			Culture collection	2007-01-01
Pram_PR-09-054_NA2	PR-09-054	1470614-10	Other	Rhododendron	Other	2008	United States	California	Sacramento							GLCC_DB			Culture collection	2008-01-01
Pram_PR_11_011_NA1	PR-11-011	1560191-36	Other	Other	Other	2011	United States	California	San Joaquin							GLCC_DB			Culture collection	2011-01-01
Pram_PR-10-120_NA2	PR-10-120	1586251-1	Other	Camellia	Other	2010	United States	California	Sonoma			leaf				GLCC_DB			Culture collection	2010-01-01
Pram_PR_11_018_NA1	PR-11-018	1621926-8	Other	Other	Other	2011	United States	California	Stanislaus							GLCC_DB			Culture collection	2011-01-01
7612-A5		2236stumpsoil-0205	Other	Other	Other	2003	United States	California	Curry					42.10731	-124.25067	CurryCo_List			Daniels 2021	2003-01-01
Pram_PR_09_167_NA1	PR-09-167	263AL	Other	Other	Other	2005	United States	Georgia	Gwinnett	Norcross		plant				GLCC_DB			Culture collection	2005-01-01
Pram_PR_09_175_NA1	PR-09-175	304F	Other	Camellia	Other	2005	United States	Georgia	Forsyth	Cumming		plant				GLCC_DB			Culture collection	2005-01-01
Pram_PR_07_048_NA1	PR-07-048	33-WA-RD	Other	Other	Other	2005	United States	Washington	Pierce			soil				GLCC_DB			Culture collection	2005-01-01
7612-C2		4120_R1	Other	Other	Other	2001	United States	California	Curry					42.09114	-124.27432	CurryCo_List			Daniels 2021	2001-01-01
7612-G2		4131_R1	Other	Other	Other	2001	United States	California	Curry		Forest			42.09114	-124.27432	CurryCo_List			Daniels 2021	2001-01-01
7612-H2		4134_(01)	Other	Other	Other	2001	United States	California	Curry		Forest			42.09114	-124.27432	CurryCo_List			Daniels 2021	2001-01-01
7881-E12		4240A	Other	Other	Other	2002	United States	California	Curry					42.07426	-124.26316	CurryCo_List			Daniels 2021	2002-01-01
7612-D4	PR-14-082	4245stumpsoil	Other	Other	Other	2002	United States	California	Curry					42.07387	-124.26338	CurryCo_list/GLCC_DB			Daniels 2021	2002-01-01
Pram_PR_07_066_NA1	PR-07-066	52-WA-A	Other	Other	Other	2007	United States	Washington	King			plant				GLCC_DB			Culture collection	2007-01-01
9D1		9D1	Other	Other	Other	2012	United States	California	Lab origin							Yuzon_list	no data		Elliott et al. 2018	2012-01-01
ANN14-997		ANN14-997	Other	Other	Other	2007	United States	California	Sonoma							Yuzon_list			Culture collection	2007-01-01
Pram_BBA_14-98-a_EU1	PR-98-002	BBA 14/98-a	Other	Rhododendron	Other	1998	Germany	Germany								GLCC_DB			Culture collection	1998-01-01
Pram_PR-99-002_EU1	PR-99-002	BBA 16/99	Other	Viburnum	Other	1999	Germany	Germany								GLCC_DB			Culture collection	1999-01-01
Pram_BBA_26-02_EU1	PR-08-001	BBA 26/02	Other	Viburnum	Other	2002	Belgium	Belgium								GLCC_DB			Culture collection	2002-01-01
Pram_PR-01-018_EU1	PR-01-018	BBA 35/01-01	Other	Rhododendron	Other	2001	Germany	Germany								GLCC_DB			Culture collection	2001-01-01
Pram_BBA_9-95_EU1	PR-95-001	BBA 9/95	Other	Rhododendron	Other	1995	Germany	Germany								GLCC_DB			Culture collection	1995-01-01
Pram_PR-08-034_EU1	PR-08-034	BBA CSL 1560	Other	Viburnum	Other	2002	United Kingdom	United Kingdom								GLCC_DB			Culture collection	2002-01-01
Pram_PR-08-028_EU1	PR-08-028	BBA CSL 1604o	Other	Rhododendron	Other	2002	United Kingdom	United Kingdom								GLCC_DB			Culture collection	2002-01-01
BS2014-584		BS2014-584	Notholithocarpus densiflorus	Notholithocarpus	Notholithocarpus densiflorus	2014	United States	California	Monterey							Yuzon_list			Elliott et al. 2018	2014-01-01
BS2014-584_yuzon		BS2014-584_yuzon	Notholithocarpus densiflorus	Notholithocarpus	Notholithocarpus densiflorus	2014	United States	California	Monterey							Yuzon_list			Culture collection	2014-01-01
BS2016-10		BS2016-10	Umbellularia californica	Umbellularia	Umbellularia californica	2016	United States	California	Monterey							Yuzon_list			Yzon et al. 2020	2016-01-01
BS2016-32		BS2016-32	Notholithocarpus densiflorus	Notholithocarpus	Notholithocarpus densiflorus	2016	United States	California	Monterey							Yuzon_list			Yzon et al. 2020	2016-01-01
BS96		BS96	Umbellularia californica	Umbellularia	Umbellularia californica	2004	United States	California	Monterey							Yuzon_list			Elliott et al. 2018	2004-01-01
BS96_yuzon		BS96_yuzon	Umbellularia californica	Umbellularia	Umbellularia californica	2003	United States	California	Monterey							Yuzon_list			Culture collection	2003-01-01
CC1008		CC1008	Rhododendron sp.	Rhododendron	Other	2002	United Kingdom	West Sussex	West Sussex							Yuzon_list	no data		Turner et al. 2017	2002-01-01
CC1011		CC1011	Rhododendron sp.	Rhododendron	Other	2002	United Kingdom	Cheshire	Cheshire							Yuzon_list	no data		Turner et al. 2017	2002-01-01
CC1033		CC1033	Other	Viburnum	Other	2002	United Kingdom	Dorset	Dorset							Yuzon_list	no data		Turner et al. 2017	2002-01-01
CC2168		CC2168	Other	Camellia	Other	2009	United Kingdom	Cornwall	Cornwall							Yuzon_list	no data		Turner et al. 2017	2009-01-01
CC2176		CC2176	Other	Other	Other	2009	United Kingdom	Cornwall	Cornwall							Yuzon_list	no data		Turner et al. 2017	2009-01-01
CC2186		CC2186	Rhododendron sp.	Rhododendron	Other	2009	United Kingdom	Devon	Devon							Yuzon_list	no data		Turner et al. 2017	2009-01-01
CC2187		CC2187	Rhododendron sp.	Rhododendron	Other	2009	United Kingdom	Cornwall	Cornwall							Yuzon_list	no data		Turner et al. 2017	2009-01-01
CC2275		CC2275	Other	Other	Other	2004	United Kingdom	Cornwall	Cornwall							Yuzon_list	no data		Turner et al. 2017	2004-01-01
ND886		CDFA1418886	Other	Camellia	Other	2004	United States	California	Marin							ksuga list			Kasuga et al. 2018	2004-01-01
CS1		CS1	Notholithocarpus densiflorus	Notholithocarpus	Notholithocarpus densiflorus	2016	United States	California	San Mateo							Yuzon_list			Yzon et al. 2020	2016-01-01
CS2		CS2	Umbellularia californica	Umbellularia	Umbellularia californica	2016	United States	California	San Mateo							Yuzon_list			Yzon et al. 2020	2016-01-01
CS26-T2-1		CS26-T2-1	Umbellularia californica	Umbellularia	Umbellularia californica	2008	United States	California	Sonoma							Yuzon_list			Yzon et al. 2020	2008-01-01
FOP340-5299		FOP340-5299	Umbellularia californica	Umbellularia	Umbellularia californica	2010	United States	California	Sonoma							Yuzon_list			Yzon et al. 2020	2010-01-01
Pram_PR_07_135_NA1	PR-07-135	GA-28C	Other	Camellia	Other	2004	United States	Georgia	Cobb	Alpharetta		plant				GLCC_DB			Culture collection	2004-01-01
HMG2017-2		HMG2017-2	Umbellularia californica	Umbellularia	Umbellularia californica	2017	United States	California	Santa Cruz							Yuzon_list			Yzon et al. 2020	2017-01-01
JLSP04-4325		JLSP04-4325	Umbellularia californica	Umbellularia	Umbellularia californica	2010	United States	California	Sonoma							Yuzon_list			Yzon et al. 2020	2010-01-01
PR-18-126	PR-18-126	JP 236	Other	Other	Other	2017	Japan	Japan			Forest	water	N 33 8.709, E 132 55.103			GLCC_DB			Culture collection	2017-01-01
PR-18-128	PR-18-128	JP 387	Other	Other	Other	2017	Japan	Japan			Forest	water	N 31 30.966, E 130 47.004			GLCC_DB			Culture collection	2017-01-01
PR-18-129	PR-18-129	JP 462	Other	Other	Other	2017	Japan	Japan			Forest	water	N 31 30.966, E 130 47.004			GLCC_DB			Culture collection	2017-01-01
PR-18-130	PR-18-130	JP 716	Other	Other	Other	2017	Japan	Japan			Forest	water	N 33 8.709, E 132 55.103			GLCC_DB			Culture collection	2017-01-01
PR-18-131	PR-18-131	JP 717	Other	Other	Other	2017	Japan	Japan			Forest	water	N 33 8.709, E 132 55.103			GLCC_DB			Culture collection	2017-01-01
PR-18-132	PR-18-132	JP 718	Other	Other	Other	2017	Japan	Japan			Forest	water	N 33 8.709, E 132 55.103			GLCC_DB			Culture collection	2017-01-01
PR-18-133	PR-18-133	JP 916	Other	Other	Other	2017	Japan	Japan			Forest	water	N 33 8.709, E 132 55.103			GLCC_DB			Culture collection	2017-01-01
PR-18-134	PR-18-134	JP 975	Other	Other	Other	2017	Japan	Japan			Forest	leaf	N 31 49.732, E 130 38.468			GLCC_DB			Culture collection	2017-01-01
Pram_PR_09_065_NA1	PR-09-065	Lakeland IV, G-6-b	Other	Other	Other	2009	United States	Mississippi		Jackson		ditch water				GLCC_DB			Culture collection	2009-01-01
LTS-UMCA-1		LTS-UMCA-1	Umbellularia californica	Umbellularia	Umbellularia californica	2017	United States	California	Santa Cruz							Yuzon_list			Culture collection	2017-01-01
MK106		MK106	Quercus agrifolia	Quercus	Quercus agrifolia	2008	United States	California	San Mateo							ksuga list			Kasuga et al. 2018	2008-01-01
MK516d		MK516d	Quercus agrifolia	Quercus	Quercus agrifolia	2008	United States	California	San Mateo							ksuga_list			Kasuga et al. 2018	2008-01-01
MK548		MK548	Umbellularia californica	Umbellularia	Umbellularia californica	2008	United States	California	San Mateo							ksuga list			Kasuga et al. 2018	2008-01-01
MK548_yuzon		MK548_yuzon	Umbellularia californica	Umbellularia	Umbellularia californica	2008	United States	California	San Mateo							Yuzon_list			Culture collection	2008-01-01
MK558		MK558	Quercus agrifolia	Quercus	Quercus agrifolia	2008	United States	California	San Mateo							ksuga list			Kasuga et al. 2018	2008-01-01
MK649a		MK649a	Umbellularia californica	Umbellularia	Umbellularia californica	2008	United States	California	San Mateo							ksuga_list			Kasuga et al. 2018	2008-01-01
MK649a_yuzon		MK649a_yuzon	Umbellularia californica	Umbellularia	Umbellularia californica	2008	United States	California	San-Mateo							Yuzon_list			Culture collection	2008-01-01
MK649b		MK649b	Umbellularia californica	Umbellularia	Umbellularia californica	2008	United States	California	San Mateo							ksuga list			Kasuga et al. 2018	2008-01-01
MK649b_yuzon		MK649b_yuzon	Umbellularia californica	Umbellularia	Umbellularia californica	2008	United States	California	San-Mateo							Yuzon_list			Culture collection	2008-01-01
MK79j		MK79j	Umbellularia californica	Umbellularia	Umbellularia californica	2008	United States	California	San Mateo							ksuga_list			Kasuga et al. 2018	2008-01-01
MK79j_yuzon		MK79j_yuzon	Umbellularia californica	Umbellularia	Umbellularia californica	2008	United States	California	San-Mateo							Yuzon_list			Culture collection	2008-01-01
MMWD2015-74		MMWD2015-74	Notholithocarpus densiflorus	Notholithocarpus	Notholithocarpus densiflorus	2015	United States	California	Marin							Yuzon_list			Yzon et al. 2020	2015-01-01
MMWD2015-91		MMWD2015-91	Notholithocarpus densiflorus	Notholithocarpus	Notholithocarpus densiflorus	2015	United States	California	Marin							Yuzon_list			Yzon et al. 2020	2015-01-01
MR176		MR176	Umbellularia californica	Umbellularia	Umbellularia californica	2005	United States	California	Marin							Yuzon_list			Yzon et al. 2020	2005-01-01
Pram_PR_05_166_NA2	PR-05-166	MR31	Other	Rhododendron	Other	2004	United States	Washington								GLCC_DB			Culture collection	2004-01-01
ND886Aug2017		ND886Aug2017	Other	Camellia	Other	2004	United States	California	Marin							Yuzon_list			Yzon et al. 2020	2004-01-01
ND886Jul2017		ND886Jul2017	Other	Camellia	Other	2004	United States	California	Marin							Yuzon_list			Yzon et al. 2020	2004-01-01
ND886Jun2016		ND886Jun2016	Other	Camellia	Other	2004	United States	California	Marin							Yuzon_list			Yzon et al. 2020	2004-01-01
Pram_P1549_EU1	PR-12-056	P1549	Other	Other	Other	2003	England	England				bark				GLCC_DB			Culture collection	2003-01-01
Pram_P1559_EU1	PR-12-057	P1559	Rhododendron sp.	Rhododendron	Other	2003	England	England				leaves				GLCC_DB			Culture collection	2003-01-01
Pram_P1562_EU1	PR-12-058	P1562	Other	Quercus	Other	2003	England	England				bark				GLCC_DB			Culture collection	2003-01-01
Pram_P1563_EU1	PR-12-059	P1563	Other	Other	Other	2003	England	England				bark				GLCC_DB			Culture collection	2003-01-01
Pram_P1614_EU1	PR-12-061	P1614	Other	Other	Other	2004	England	England				bark				GLCC_DB			Culture collection	2004-01-01
Pram_P1856_EU1	PR-12-062	P1856	Other	Other	Other	2004	England	England				bark				GLCC_DB			Culture collection	2004-01-01
Pram_P1898_EU1	PR-12-063	P1898	Other	Other	Other	2005	England	England				bark				GLCC_DB			Culture collection	2005-01-01
Pram_P1959_EU1	PR-12-064	P1959	Other	Quercus	Other	2005	England	England				bark				GLCC_DB			Culture collection	2005-01-01
Pram_P2098_EU1	PR-12-065	P2098	Other	Other	Other	2007	England	England				bark				GLCC_DB			Culture collection	2007-01-01
Pram_P2111_EU2	PR-12-035	P2111	Other	Quercus	Other	2007	Ireland	Ireland	Down			stem				GLCC_DB			Culture collection	2007-01-01
P2346	PR-13-009	P2346	Other	Other	Other	2010	United Kingdom	United Kingdom								GLCC_DB/ksuga_list			Kasuga et al. 2018	2010-01-01
P2363	PR-13-019	P2363	Other	Other	Other	2010	United Kingdom	United Kingdom								GLCC_DB/ksuga_list			Kasuga et al. 2018	2010-01-01
P2386	PR-13-028	P2386	Other	Other	Other	2010	United Kingdom	United Kingdom								GLCC_DB			Kasuga et al. 2018	2010-01-01
Pram_P2461_EU2	PR-12-037	P2461	Larix kaempferi	Larix	Larix kaempferi	2010	Ireland	Ireland	Antrim			stem				GLCC_DB			Culture collection	2010-01-01
Pram_P2561_EU2	PR-12-038	P2561	Larix kaempferi	Larix	Larix kaempferi	2011	Scotland	Scotland	South Ayrshire	Loch Hill		stem				GLCC_DB			Culture collection	2011-01-01
Pram_P2566_EU2	PR-12-039	P2566	Other	Rhododendron	Other	2011	Ireland	Ireland	Antrim	Glenariff Forest		shoot				GLCC_DB			Culture collection	2011-01-01
Pram_P2586_EU2	PR-12-040	P2586	Larix kaempferi	Larix	Larix kaempferi	2011	Scotland	Scotland	South Ayrshire	Glenblainyvaird Loch		foliage				GLCC_DB			Culture collection	2011-01-01
Pram_P2599_EU1	PR-12-067	P2599	Larix kaempferi	Larix	Larix kaempferi	2011	England	England				bark				GLCC_DB			Culture collection	2011-01-01
Pram_P2600_EU1	PR-12-068	P2600	Larix kaempferi	Larix	Larix kaempferi	2011	England	England				bark				GLCC_DB			Culture collection	2011-01-01
Pram_P2633_EU1	PR-12-069	P2633	Larix kaempferi	Larix	Larix kaempferi	2009	England	England				shoots				GLCC_DB			Culture collection	2009-01-01
Pram_P2673_EU1	PR-12-071	P2673	Larix kaempferi	Larix	Larix kaempferi	2009	England	England				needles				GLCC_DB			Culture collection	2009-01-01
Pram_P2677_EU1	PR-12-073	P2677	Larix kaempferi	Larix	Larix kaempferi	2009	England	England				bark				GLCC_DB			Culture collection	2009-01-01
Pram_P2687_EU1	PR-12-075	P2687	Larix kaempferi	Larix	Larix kaempferi	2009	England	England				needles				GLCC_DB			Culture collection	2009-01-01
Pram_P2688_EU1	PR-12-076	P2688	Larix kaempferi	Larix	Larix kaempferi	2009	England	England				bark				GLCC_DB			Culture collection	2009-01-01
Pram_P2707_EU1	PR-12-077	P2707	Larix kaempferi	Larix	Larix kaempferi	2009	England	England				needles				GLCC_DB			Culture collection	2009-01-01
Pram_P2738_EU1	PR-12-078	P2738	Larix kaempferi	Larix	Larix kaempferi	2009	England	England				needles				GLCC_DB			Culture collection	2009-01-01
Pram_PR_11_024_NA1	PR-11-024	PC#11-1366	Other	Other	Other	2011	United States	California	Marin			stem				GLCC_DB			Culture collection	2011-01-01
Pram_PD-98-8-6743_EU1	PR-05-008	PD98/6743	Other	Rhododendron	Other	1998	Netherlands	Netherlands								GLCC_DB			Culture collection	1998-01-01
Pr-106	PR-04-042	Pr106	Umbellularia californica	Umbellularia	Umbellularia californica	2001	United States	California	Sonoma	Fairfield Osborn Preserve		Leaves				GLCC_DB		duplicate	Elliott et al. 2018	2001-01-01
Pr106	PR-04-042	Pr106	Umbellularia californica	Umbellularia	Umbellularia californica	2001	United States	California	Sonoma	Fairfield Osborn Preserve		Leaves				GLCC_DB		duplicate	Yzon et al. 2020	2001-01-01
Pr-1197		Pr1197	Other	Quercus	Other	2011	United States	California	Santa Clara							ksuga_list		duplicate	Elliott et al. 2018	2011-01-01
Pr120		Pr120	Notholithocarpus densiflorus	Notholithocarpus	Notholithocarpus densiflorus	2001	United States	California	Mendocino								no data		Yzon et al. 2020	2001-01-01
Pr1537		Pr1537	Other	Other	Other	2012	United States	California	Mendocino								no data		Yzon et al. 2020	2012-01-01
Pram_Pr1546_NA1	PR-12-119	Pr1546	Quercus agrifolia	Quercus	Quercus agrifolia	2012	United States	California	Sonoma							GLCC_DB			Culture collection	2012-01-01
Pr1556Aug2017		Pr1556Aug2017	Umbellularia californica	Umbellularia	Umbellularia californica	2012	United States	California	Santa Clara							ksuga_list without a/b*	no data		Yzon et al. 2020	2012-01-01
Pr1556Jul2017		Pr1556Jul2017	Umbellularia californica	Umbellularia	Umbellularia californica	2012	United States	California	Santa Clara							ksuga_list without a/b*	no data		Yzon et al. 2020	2012-01-01
Pr1556Jun2015		Pr1556Jun2015	Umbellularia californica	Umbellularia	Umbellularia californica	2012	United States	California	Santa Clara							ksuga_list without a/b*	no data		Yzon et al. 2020	2012-01-01
Pr1556unusual		Pr1556unusual	Umbellularia californica	Umbellularia	Umbellularia californica	2012	United States	California	Santa Clara							ksuga_list without a/b*	no data		Yzon et al. 2020	2012-01-01
Pr1612		Pr1612	Notholithocarpus densiflorus	Notholithocarpus	Notholithocarpus densiflorus	2013	United States	California	Mendocino								no data		Yzon et al. 2020	2013-01-01
Pr1620		Pr1620	Notholithocarpus densiflorus	Notholithocarpus	Notholithocarpus densiflorus	2013	United States	California	Sonoma								no data		Yzon et al. 2020	2013-01-01
Pr1652		Pr1652	Other	Other	Other	2014	United States	California	Humboldt								no data		Yzon et al. 2020	2014-01-01
Pr-218		Pr218	Other	Other	Other	2002	United States	California	Sonoma								no data	duplicate	Elliott et al. 2018	2002-01-01
Pr218		Pr218	Other	Other	Other	2002	United States	California	Sonoma								no data	duplicate	Yzon et al. 2020	2002-01-01
Pr223		Pr223	Umbellularia californica	Umbellularia	Umbellularia californica	2002	United States	California	Humboldt								no data		Yzon et al. 2020	2002-01-01
Pr237		Pr237	Other	Other	Other	2002	United States	California	Monterey								no data		Yzon et al. 2020	2002-01-01
Pr-35	PR-12-113	Pr35	Quercus agrifolia	Quercus	Quercus agrifolia	2000	United States	California	Sonoma							GLCC_DB			Kasuga et al. 2018	2000-01-01
Pram_Pr420_NA1	PR-12-114	Pr420	Quercus agrifolia	Quercus	Quercus agrifolia	2004	United States	California	Marin							GLCC_DB			Culture collection	2004-01-01
Pr438		Pr438	Other	Other	Other	2006	United States	California	Mendocino								no data		Yzon et al. 2020	2006-01-01
Pr451		Pr451	Other	Other	Other	2004	United States	California	Alameda								no data		Yzon et al. 2020	2004-01-01
Pr-455		Pr455	Other	Other	Other	2005	United States	California	Sonoma								no data	duplicate	Elliott et al. 2018	2005-01-01
Pr455		Pr455	Other	Other	Other	2005	United States	California	Sonoma								no data	duplicate	Yzon et al. 2020	2005-01-01
Pr458		Pr458	Other	Other	Other	2005	United States	California	Sonoma								no data		Yzon et al. 2020	2005-01-01
Pr467		Pr467	Other	Other	Other	2006	United States	California	Mendocino								no data		Yzon et al. 2020	2006-01-01
Pr-472		Pr472	Other	Other	Other	2006	United States	California	Marin								no data	duplicate	Elliott et al. 2018	2006-01-01
Pr472		Pr472	Other	Other	Other	2006	United States	California	Marin								no data	duplicate	Yzon et al. 2020	2006-01-01
Pr-486		Pr486	Other	Camellia	Other	2006	United States	California	Unknown origin								no data	duplicate	Elliott et al. 2018	2006-01-01
Pr486		Pr486	Other	Camellia	Other	2006	United States	California	Yolo								no data	duplicate	Yzon et al. 2020	2006-01-01
Pram_Pr518_NA1	PR-12-116	Pr518	Quercus agrifolia	Quercus	Quercus agrifolia	2009	United States	California	Marin							GLCC_DB			Culture collection	2009-01-01
Pr52	PR-04-041	Pr52	Other	Rhododendron	Other	2001	United States	California	Santa Cruz			leaves				GLCC_DB			Yzon et al. 2020	2001-01-01
Pr710		Pr710	Umbellularia californica	Umbellularia	Umbellularia californica	2009	United States	California	Santa Clara							ksuga list			Kasuga et al. 2018	2009-01-01
Pram_PR_10_106_NA1	PR-10-106	Pr733	Other	Other	Other	2010	United States	California	Humboldt			stream				GLCC_DB			Culture collection	2010-01-01
Pr745		Pr745	Other	Other	Other	2010	United States	California	Santa Clara			water				ksuga list			Kasuga et al. 2018	2010-01-01
Pr93	PR-08-058	Pr93	Other	Rhododendron	Other	2001	United States	California	Santa Cruz							GLCC_list			Yzon et al. 2020	2001-01-01
Pram_03_0002_EU1		Pram_03_0002	Rhododendron sp.	Rhododendron	Other	2003	Canada	British Columbia								Yuzon_list			Dale et al. 2019	2003-01-01
Pram_03-0107_EU1		Pram_03-0107	Rhododendron sp.	Rhododendron	Other	2003	Canada	British Columbia								Yuzon_list			Dale et al. 2019	2003-01-01
Pram_04-0002_NA1		Pram_04-0002	Other	Camellia	Other	2004	Canada	British Columbia								Yuzon_list			Dale et al. 2019	2004-01-01
Pram_04-17031_EU1		Pram_04-17031	Rhododendron sp.	Rhododendron	Other	2004	Canada	British Columbia								Yuzon_list			Dale et al. 2019	2004-01-01
Pram_04-20470_NA2		Pram_04-20470	Rhododendron sp.	Rhododendron	Other	2010	Canada	British Columbia								Yuzon_list			Dale et al. 2019	2010-01-01
Pram_04-2231_NA1		Pram_04-2231	Other	Camellia	Other	2004	Canada	British Columbia								Yuzon_list			Dale et al. 2019	2004-01-01
Pram_04-22572_NA1		Pram_04-22572	Rhododendron sp.	Rhododendron	Other	2004	Canada	British Columbia								Yuzon_list			Dale et al. 2019	2004-01-01
Pram_04-35009_NA1		Pram_04-35009	Other	Other	Other	2004	Canada	British Columbia								Yuzon_list			Dale et al. 2019	2004-01-01
Pram_04-38813_NA2		Pram_04-38813	Other	Viburnum	Other	2004	Canada	British Columbia								Yuzon_list			Dale et al. 2019	2004-01-01
Pram_05-16845_NA2		Pram_05-16845	Other	Other	Other	2005	Canada	British Columbia								Yuzon_list			Dale et al. 2019	2005-01-01
Pram_05-9611_NA2		Pram_05-9611	Other	Viburnum	Other	2005	Canada	British Columbia								Yuzon_list			Dale et al. 2019	2005-01-01
Pram_06-0012_NA2		Pram_06-0012	Other	Other	Other	2006	Canada	British Columbia								Yuzon_list			Dale et al. 2019	2006-01-01
Pram_06-4942_NA2		Pram_06-4942	Other	Other	Other	2006	Canada	British Columbia								Yuzon_list			Dale et al. 2019	2006-01-01
Pram_07-13013_EU1		Pram_07-13013	Rhododendron sp.	Rhododendron	Other	2007	Canada	British Columbia								Yuzon_list			Dale et al. 2019	2007-01-01
Pram_07-17204_NA2		Pram_07-17204	Other	Other	Other	2007	Canada	British Columbia								Yuzon_list			Dale et al. 2019	2007-01-01
Pram_08-0688_NA2		Pram_08-0688	Rhododendron sp.	Rhododendron	Other	2008	Canada	British Columbia								Yuzon_list			Dale et al. 2019	2008-01-01
Pram_08-2933_EU1		Pram_08-2933	Other	Other	Other	2008	Canada	British Columbia								Yuzon_list			Dale et al. 2019	2008-01-01
Pram_09-4390_NA2		Pram_09-4390	Other	Camellia	Other	2009	Canada	British Columbia								Yuzon_list			Dale et al. 2019	2009-01-01
Pram_09-4415_NA2		Pram_09-4415	Rhododendron sp.	Rhododendron	Other	2009	Canada	British Columbia								Yuzon_list			Dale et al. 2019	2009-01-01
Pram_10-3885_NA2		Pram_10-3885	Other	Other	Other	2010	Canada	British Columbia								Yuzon_list			Dale et al. 2019	2010-01-01
Pram_10-4389a_NA2		Pram_10-4389a	Rhododendron sp.	Rhododendron	Other	2010	Canada	British Columbia								Yuzon_list			Dale et al. 2019	2010-01-01
Pram_10-5341b_EU1		Pram_10-5341b	Rhododendron sp.	Rhododendron	Other	2010	Canada	British Columbia								Yuzon_list			Dale et al. 2019	2010-01-01
Pram_10-6342a_NA1		Pram_10-6342a	Rhododendron sp.	Rhododendron	Other	2010	Canada	British Columbia								Yuzon_list			Dale et al. 2019	2010-01-01
Pram_11-1291_NA2		Pram_11-1291	Other	Other	Other	2011	Canada	British Columbia								Yuzon_list			Dale et al. 2019	2011-01-01
Pram_11-263_NA1		Pram_11-263	Rhododendron sp.	Rhododendron	Other	2011	Canada	British Columbia								Yuzon_list			Dale et al. 2019	2011-01-01
Pram_11-301_EU1		Pram_11-301	Other	Other	Other	2011	Canada	British Columbia								Yuzon_list			Dale et al. 2019	2011-01-01
Pram_132_EU1		Pram_132	Other	Rhododendron	Other	2006	France	France								Yuzon_list			Dale et al. 2019	2006-01-01
Pram_24_EU1		Pram_24	Other	Rhododendron	Other	2002	France	France								Yuzon_list			Dale et al. 2019	2002-01-01
Pram_30_EU1		Pram_30	Other	Viburnum	Other	2003	France	France								Yuzon_list			Dale et al. 2019	2003-01-01
Pram_33_EU1		Pram_33	Other	Rhododendron	Other	2003	France	France								Yuzon_list			Dale et al. 2019	2003-01-01
Pram_4_EU1		Pram_4	Other	Viburnum	Other	2002	France	France								Yuzon_list			Dale et al. 2019	2002-01-01
Pram_62_EU1		Pram_62	Rhododendron sp.	Rhododendron	Other	2004	France	France								Yuzon_list			Dale et al. 2019	2004-01-01
Pram_73_EU1		Pram_73	Rhododendron sp.	Rhododendron	Other	2005	France	France								Yuzon_list			Dale et al. 2019	2005-01-01
Pram_PR_10_076_NA1	PR-10-076	RWN-P20-AR	Other	Other	Other	2010	United States	South Carolina	Spartanburg	Roebuck		container mix				GLCC_DB			Culture collection	2010-01-01
Pram_PR_10_098_NA1	PR-10-098	SPN5-P2-2d	Other	Other	Other	2010	United States	South Carolina	Greenville	Greenville		plant				GLCC_DB			Culture collection	2010-01-01
Pram_PR_10_103_NA1	PR-10-103	SPN5-P2-3c	Other	Other	Other	2010	United States	South Carolina	Greenville	Greenville		plant				GLCC_DB			Culture collection	2010-01-01
PR-18-058	PR-18-058	VN 57	Other	Other	Other	2016	Vietnam	Vietnam			Forest	Water	N22 21.029 E103 46.317			GLCC_DB			Culture collection	2016-01-01
PR-18-059	PR-18-059	VN 71	Other	Other	Other	2016	Vietnam	Vietnam			Forest	Water	N22 20.127 E103 46.782			GLCC_DB			Culture collection	2016-01-01
PR-18-060	PR-18-060	VN 75	Other	Other	Other	2016	Vietnam	Vietnam			Forest	Water	N22 20.127 E103 46.782			GLCC_DB			Culture collection	2016-01-01
PR-18-061	PR-18-061	VN 78	Other	Other	Other	2016	Vietnam	Vietnam			Forest	Water	N22 20.127 E103 46.782			GLCC_DB			Culture collection	2016-01-01
PR-18-088	PR-18-088	VN 831	Rhododendron sp.	Rhododendron	Other	2017	Vietnam	Vietnam			Forest	Leaf	N22 21.026 E103 46.315			GLCC_DB			Culture collection	2017-01-01
PR-18-089	PR-18-089	VN 832	Rhododendron sp.	Rhododendron	Other	2017	Vietnam	Vietnam			Forest	Leaf	N22 21.026 E103 46.315			GLCC_DB			Culture collection	2017-01-01
PR-18-090	PR-18-090	VN 833	Other	Other	Other	2017	Vietnam	Vietnam			Forest	Water	N22 20.127 E103 46.782			GLCC_DB			Culture collection	2017-01-01
PR-18-091	PR-18-091	VN 835	Other	Other	Other	2017	Vietnam	Vietnam			Forest	Water	N22 20.127 E103 46.782			GLCC_DB			Culture collection	2017-01-01
PR-18-092	PR-18-092	VN 836	Other	Other	Other	2017	Vietnam	Vietnam			Forest	Water	N22 20.127 E103 46.782			GLCC_DB			Culture collection	2017-01-01
PR-18-093	PR-18-093	VN 837	Other	Other	Other	2017	Vietnam	Vietnam			Forest	Water	N22 20.127 E103 46.782			GLCC_DB			Culture collection	2017-01-01
PR-18-094	PR-18-094	VN 852	Other	Other	Other	2017	Vietnam	Vietnam			Forest	Water	N 22 19.372, E 103 49.780			GLCC_DB			Culture collection	2017-01-01
PR-18-095	PR-18-095	VN 853	Other	Other	Other	2017	Vietnam	Vietnam			Forest	Water	N 22 19.372, E 103 49.780			GLCC_DB			Culture collection	2017-01-01
PR-18-096	PR-18-096	VN 856	Other	Other	Other	2017	Vietnam	Vietnam			Forest	Water	N22 20.127 E103 46.782			GLCC_DB			Culture collection	2017-01-01
PR-18-097	PR-18-097	VN 857	Other	Other	Other	2017	Vietnam	Vietnam			Forest	Water	N22 20.127 E103 46.782			GLCC_DB			Culture collection	2017-01-01
PR-18-098	PR-18-098	VN 863	Other	Other	Other	2017	Vietnam	Vietnam			Forest	Water	N22 20.127 E103 46.782			GLCC_DB			Culture collection	2017-01-01
PR-18-099	PR-18-099	VN 864	Other	Other	Other	2017	Vietnam	Vietnam			Forest	Water	N22 20.127 E103 46.782			GLCC_DB			Culture collection	2017-01-01
PR-18-100	PR-18-100	VN 865	Other	Other	Other	2017	Vietnam	Vietnam			Forest	Water	N22 20.440 E103 46.576			GLCC_DB			Culture collection	2017-01-01
PR-18-101	PR-18-101	VN 866	Other	Other	Other	2017	Vietnam	Vietnam			Forest	Water	N22 20.440 E103 46.576			GLCC_DB			Culture collection	2017-01-01
PR-18-102	PR-18-102	VN 876	Other	Other	Other	2017	Vietnam	Vietnam			Forest	Water	N22 20.127 E103 46.782			GLCC_DB			Culture collection	2017-01-01
PR-18-103	PR-18-103	VN 877	Other	Other	Other	2017	Vietnam	Vietnam			Forest	Water	N22 20.440 E103 46.576			GLCC_DB			Culture collection	2017-01-01
PR-18-104	PR-18-104	VN 878	Other	Other	Other	2017	Vietnam	Vietnam			Forest	Water	N22 20.440 E103 46.576			GLCC_DB			Culture collection	2017-01-01
PR-18-105	PR-18-105	VN 879	Other	Other	Other	2017	Vietnam	Vietnam			Forest	Water	N22 20.440 E103 46.576			GLCC_DB			Culture collection	2017-01-01
PR-18-062	PR-18-062	VN 88	Other	Other	Other	2016	Vietnam	Vietnam			Forest	Water	N22 21.029 E103 46.317			GLCC_DB			Culture collection	2016-01-01
PR-18-106	PR-18-106	VN 880	Other	Other	Other	2017	Vietnam	Vietnam			Forest	Water	N22 20.127 E103 46.782			GLCC_DB			Culture collection	2017-01-01
PR-18-107	PR-18-107	VN 881	Other	Other	Other	2017	Vietnam	Vietnam			Forest	Water	N22 20.440 E103 46.576			GLCC_DB			Culture collection	2017-01-01
PR-18-108	PR-18-108	VN 882	Other	Other	Other	2017	Vietnam	Vietnam			Forest	Water	N22 20.127 E103 46.782			GLCC_DB			Culture collection	2017-01-01
PR-18-109	PR-18-109	VN 900	Other	Other	Other	2017	Vietnam	Vietnam			Forest	Water	N22 20.127 E103 46.782			GLCC_DB			Culture collection	2017-01-01
PR-18-110	PR-18-110	VN 901	Other	Other	Other	2017	Vietnam	Vietnam			Forest	Water	N22 20.127 E103 46.782			GLCC_DB			Culture collection	2017-01-01
PR-18-111	PR-18-111	VN 909	Other	Other	Other	2017	Vietnam	Vietnam			Forest	Water	N22 20.440 E103 46.576			GLCC_DB			Culture collection	2017-01-01
PR-18-113	PR-18-113	VN 912	Other	Other	Other	2017	Vietnam	Vietnam			Forest	Water	N22 20.440 E103 46.576			GLCC_DB			Culture collection	2017-01-01
PR-18-114	PR-18-114	VN 914	Other	Other	Other	2017	Vietnam	Vietnam			Forest	Water	N22 20.127 E103 46.782			GLCC_DB			Culture collection	2017-01-01
PR-18-115	PR-18-115	VN 915	Other	Other	Other	2017	Vietnam	Vietnam			Forest	Water	N22 20.440 E103 46.576			GLCC_DB			Culture collection	2017-01-01
PR-18-116	PR-18-116	VN 918	Other	Other	Other	2017	Vietnam	Vietnam			Forest	Water	N22 20.440 E103 46.576			GLCC_DB			Culture collection	2017-01-01
PR-18-120	PR-18-120	VN 924	Other	Other	Other	2017	Vietnam	Vietnam			Forest	Water	N22 20.440 E103 46.576			GLCC_DB			Culture collection	2017-01-01
Pram_PR_07_192_NA1	PR-07-192	WA 1107.1	Other	Other	Other	2004	United States	Washington				plant				GLCC_DB			Culture collection	2004-01-01
Pram_PR_04_015_NA2	PR-04-015	wsda 3765	Other	Rhododendron	Other	2004	United States	Washington				leaves				GLCC_DB			Culture collection	2004-01-01
Pram_PR_07_191_NA1	PR-07-191	WSDA-1107	Other	Camellia	Other	2004	United States	Washington				plant				GLCC_DB			Culture collection	2004-01-01
