isolate_id_orig,Isolate_ID(GL),Strain_Number,lineage,Host_genus,Host_species,Year,Country,State,County,Town,Host_Environment,Sample_Type,GPS Coordinates,lat,lon,List,Notes,Duplicate
7612-D1,PR-07-224,1004.1,NA1,,,2001,USA,OR,Curry,,Forest,,,,,GLCC_DB,,
7612-B3,PR-01-001,1006.1,NA1,Notholithocarpus,densiflorus,2001,USA,OR,,,,,,42.10412,-124.2568,CurryCo_List/GLCC_DB,,
7612-F3,PR-07-225,1008.1,NA1,Notholithocarpus,densiflorus,2001,USA,OR,Curry,,Forest,,,42.10417,-124.25667,CurryCo_List/GLCC_DB,,
Pram_PR_01_004_NA1,PR-01-004,1020.1,NA1,Notholithocarpus,densiflorus,2001,USA,OR,Curry,,Forest,,,,,GLCC_DB,,
7612-A11,,1021.1,NA1,,,2001,,,,,,,,,,CurryCo_List,,
7612-D9,PR-07-227,1022.1,NA1,Notholithocarpus,densiflorus,2001,USA,OR,Curry,,Forest,,,42.11189,-124.26289,CurryCo_List/GLCC_DB,,
7612-C9,,1030.1,NA1,Notholithocarpus,densiflorus,2001,,,,,,,,42.07435,-124.26372,CurryCo_List,,
7612-F2,,1033,NA1,Notholithocarpus,densiflorus,2001,,,,,,,,42.11215,-124.26276,CurryCo_List,,
7612-G8,,1036.1,NA1,Notholithocarpus,densiflorus,2001,,,,,,,,42.11147,-124.2627,CurryCo_List,,
7881-H11,,1037.1,NA1,Notholithocarpus,densiflorus,2001,,,,,,,,42.11775,-124.26297,CurryCo_List,,
7612-G3,,1041,NA1,Notholithocarpus,densiflorus,2002,,,,,,,,42.07252,-124.26311,CurryCo_List,,
7612-A1,PR-07-230,1043,NA1,Notholithocarpus,densiflorus,2002,USA,OR,Curry,,Forest,,,42.07828,-124.26103,CurryCo_List/GLCC_DB,,
7612-H4,PR-07-231,1056,NA1,,,2002,USA,OR,Curry,,Forest,,,42.06789,-124.25386,CurryCo_List/GLCC_DB,,
7612-D7,PR-07-232,2025.1,NA1,Notholithocarpus,densiflorus,2001,USA,OR,Curry,,Forest,,,42.09121,-124.27387,CurryCo_List/GLCC_DB,,
7612-D3,PR-06-011,2027.1,NA1,Notholithocarpus,densiflorus,2001,USA,OR,Curry,,Forest,,,42.09107,-124.2748,CurryCo_List/GLCC_DB,,
7612-E3,PR-07-233,2029.1,NA1,Notholithocarpus,densiflorus,2001,USA,OR,Curry,,Forest,,,42.09106,-124.27482,CurryCo_List/GLCC_DB,,
7612-D2,PR-01-005,2033.1,NA1,Notholithocarpus,densiflorus,2001,USA,,,,,,,42.09121,-124.27387,CurryCo_List/GLCC_DB,,
7612-E9,PR-07-235,2043.1,NA1,Notholithocarpus,densiflorus,2001,USA,OR,,,Forest,,,42.07431,-124.26276,CurryCo_List/GLCC_DB,,
7612-E4,PR-07-237,2091.1,NA1,,,2001,USA,OR,Curry,,Forest,,,42.09114,-124.27432,CurryCo_List/GLCC_DB,,
Pram_PR_05_055_NA1,PR-05-055,2092,NA1,,,,USA,,,,,,,,,GLCC_DB,,duplicate
7612-D5,PR-05-055,2092,NA1,,,2002,USA,,,,,,,42.09114,-124.27432,CurryCo_List/GLCC_DB,,duplicate
7612-A3,,2098.2,NA1,Notholithocarpus,densiflorus,2001,,,,,,,,42.09114,-124.27432,CurryCo_List,,
7612-B9,,2099.1,NA1,Notholithocarpus,densiflorus,2001,,,,,,,,42.09114,-124.27432,CurryCo_List,,
7612-F7,PR-13-002,2138.1,NA1,Notholithocarpus,densiflorus,2002,USA,OR,Curry,,Forest,,,42.07195,-124.26172,CurryCo_List/GLCC_DB,,
7612-E6,PR-02-018,2148,NA1,Toxicodendron,diversilobum,2002,USA,OR,Curry,,Forest,,,42.07432,-124.26309,CurryCo_List/GLCC_DB,,
7612-G6,PR-02-019,2149,NA1,Notholithocarpus,densiflorus,2002,USA,OR,Curry,,Forest,,,42.10237,-124.25625,CurryCo_List/GLCC_DB,,
7612-B10,,2157.3,NA1,Notholithocarpus,densiflorus,2002,,,,,,,,42.07286,-124.26089,CurryCo_List,,
7612-E2,PR-02-020,2158,NA1,Notholithocarpus,densiflorus,2002,USA,OR,Curry,,Forest,,,42.07213,-124.26142,CurryCo_List/GLCC_DB,,
7612-H11,,2181,NA1,Rhamnus,purshiana,2002,,,,,,,,42.07782,-124.26146,CurryCo_List,,
7612-C7,,2195,NA1,Notholithocarpus,densiflorus,2002,,,,,,,,42.07703,-124.26307,CurryCo_List,,
7612-H8,,2222,NA1,Notholithocarpus,densiflorus,2003,,,,,,,,42.09052,-124.2759,CurryCo_List,,
7612-B1,,2223,NA1,Notholithocarpus,densiflorus,2003,,,,,,,,42.09052,-124.2759,CurryCo_List,,
7612-F9,PR-13-273,2234,NA1,Notholithocarpus,densiflorus,2003,USA,OR,Curry,,,,,42.10651,-124.25109,CurryCo_List/GLCC_DB,,
7612-H7,,2235,NA1,Notholithocarpus,densiflorus,2003,,,,,,,,42.107,-124.25067,CurryCo_List,,
7612-H9,,2246,NA1,Notholithocarpus,densiflorus,2003,,,,,,,,42.08659,-124.24989,CurryCo_List,,
7612-G11,PR-13-275,2252,NA1,Notholithocarpus,densiflorus,2003,USA,OR,Curry,,,,,42.14188,-124.26797,CurryCo_List/GLCC_DB,,
7612-D8,,2294,NA1,Notholithocarpus,densiflorus,2003,,,,,,,,42.06901,-124.26201,CurryCo_List,,
7885-F1,,2295,NA1,,,2003,,,,,,,,42.06903,-124.2621,CurryCo_List,,
7612-G7,,2298,NA1,,,2003,,,,,,,,,,CurryCo_List,,
7612-B8,PR-03-001,2339,NA1,Notholithocarpus,densiflorus,2003,USA,OR,,,,bark,,42.09245,-124.27142,CurryCo_List/GLCC_DB,,
7885-G1,,2340,NA1,Vaccinium,ovatum,2003,,,,,,,,42.09244,-124.27138,CurryCo_List,,
7612-H10,,2424,NA1,Notholithocarpus,densiflorus,2003,,,,,,,,42.06921,-124.26371,CurryCo_List,,
7612-E5,,2486,NA1,Notholithocarpus,densiflorus,2004,,,,,,,,42.08785,-124.25009,CurryCo_List,,
7612-B6,PR-03-008,2544,NA1,Notholithocarpus,densiflorus,2003,USA,OR,Curry,,Forest,,,42.07817,-124.26019,CurryCo_List/GLCC_DB,,
7612-C11,,2555,NA1,Notholithocarpus,densiflorus,2003,,,,,,,,42.07611,-124.26201,CurryCo_List,,
7612-E1,,2562,NA1,,,2001,USA,OR,Curry,,Forest,,,,,CurryCo_List,,duplicate
7612-E11,,2562,NA1,Notholithocarpus,densiflorus,2003,,,,,,,,42.07272,-124.26252,CurryCo_List,,duplicate
7612-F5,PR-13-282,2568,NA1,,,,,,,,,,,42.09127,-124.27203,CurryCo_List/GLCC_DB,,duplicate
7885-H1,PR-13-282,2568,NA1,Notholithocarpus,densiflorus,2003,USA,OR,Curry,,,,,42.09127,-124.27203,CurryCo_List/GLCC_DB,,duplicate
7612-B12,,2573,NA1,Notholithocarpus,densiflorus,2003,,,,,,,,42.07258,-124.26235,CurryCo_List,,
7612-C8,,2574,NA1,Notholithocarpus,densiflorus,2003,,,,,,,,42.07741,-124.25983,CurryCo_List,,
7881-G3,,2597,NA1,Notholithocarpus,densiflorus,2003,,,,,,,,42.07627,-124.26242,CurryCo_List,,
7881-G2,,2598,NA1,Notholithocarpus,densiflorus,2003,,,,,,,,42.07651,-124.2626,CurryCo_List,,
7612-H6,,2647,NA1,Notholithocarpus,densiflorus,2003,,,,,,,,42.10495,-124.25473,CurryCo_List,,
7881-A12,,2663,NA1,Notholithocarpus,densiflorus,2003,,,,,,,,42.09665,-124.27193,CurryCo_List,,
7881-B12,,2711,NA1,Notholithocarpus,densiflorus,2005,,,,,,,,42.08433,-124.25146,CurryCo_List,,
7881-G1,,2714,NA1,Notholithocarpus,densiflorus,2005,,,,,,,,42.14559,-124.26764,CurryCo_List,,
7612-E8,PR-04-026,2837,NA1,Notholithocarpus,densiflorus,2004,USA,OR,Curry,,,,,42.07636,-124.26549,CurryCo_List/GLCC_DB,,
7885-E1,,2849,NA1,Notholithocarpus,densiflorus,2004,,,,,,,,42.09834,-124.24669,CurryCo_List,,
7612-C5,PR-04-027,2850,NA1,Notholithocarpus,densiflorus,2004,USA,,,,Forest,,,42.09834,-124.24669,CurryCo_List/GLCC_DB,,
7881-E2,,2851,NA1,,,2004,,,,,,,,,,CurryCo_List,,
7881-E1,,2893,NA1,Notholithocarpus,densiflorus,2004,,,,,,,,42.08252,-124.25069,CurryCo_List,,
7881-C12,PR-04-029,2965.2,NA1,Notholithocarpus,densiflorus,2004,USA,OR,Curry,,,,,42.0867,-124.24938,CurryCo_List/GLCC_DB,,
7881-D12,PR-14-078,2987,NA1,Notholithocarpus,densiflorus,2004,USA,OR,Curry,,,,,42.07966,-124.26046,CurryCo_List/GLCC_DB,,
7881-F1,,2988,NA1,Notholithocarpus,densiflorus,2004,,,,,,,,42.07933,-124.26135,CurryCo_List,,
7612-B7,,3050.18,NA1,Notholithocarpus,densiflorus,2001,,,,,,,,42.06773,-124.25403,CurryCo_List,,
7612-B11,,3055,NA1,Notholithocarpus,densiflorus,2001,,,,,,,,42.06773,-124.25403,CurryCo_List,,
7612-F1,PR-07-240,4088.1,NA1,Notholithocarpus,densiflorus,2001,USA,OR,Curry,,Forest,,,42.1032,-124.2572,CurryCo_List/GLCC_DB,,
7612-B5,PR-07-241,4089.1,NA1,Notholithocarpus,densiflorus,2001,USA,OR,Curry,,Forest,,,42.07666,-124.25936,CurryCo_List/GLCC_DB,,duplicate
7612-A8,PR-07-241,4089.1,NA1,Notholithocarpus,densiflorus,2001,USA,OR,Curry,,Forest,,,42.07666,-124.25936,CurryCo_List/GLCC_DB,,duplicate
7612-C3,PR-07-243,4119.5,NA1,,,2001,USA,OR,Curry,,Forest,,,42.09114,-124.27432,CurryCo_List/GLCC_DB,,
7612-B2,,4123.1,NA1,Rhododendron,macrophyllum,2001,,,,,,,,42.09114,-124.27432,CurryCo_List,,
7612-G10,,4143.1,NA1,Rhododendron,macrophyllum,2001,,,,,,,,42.09114,-124.27432,CurryCo_List,,
7612-A4,,4144.1,NA1,Rhododendron,macrophyllum,2001,,,,,,,,42.09114,-124.27432,CurryCo_List,,
7612-B4,,4146.1,NA1,Notholithocarpus,densiflorus,2001,,,,,,,,42.09114,-124.27432,CurryCo_List,,
7612-H5,,4167.1,NA1,Rhododendron,macrophyllum,2001,,,,,,,,42.09114,-124.27432,CurryCo_List,,
7612-G1,,4168.1,NA1,Rhododendron,macrophyllum,2001,,,,,,,,42.09114,-124.27432,CurryCo_List,,
7612-H1,,4169.1,NA1,Vaccinium,ovatum,2001,,,,,,,,42.09114,-124.27432,CurryCo_List,,
7612-A7,PR-07-255,4172.2,NA1,Rhododendron,macrophyllum,2001,USA,OR,Curry,,Forest,,,42.07666,-124.25936,CurryCo_List/GLCC_DB,,
7612-C4,PR-07-256,4173.2,NA1,Vaccinium,ovatum,2001,USA,OR,Curry,,Forest,,,42.07666,-124.25936,CurryCo_List/GLCC_DB,,
7612-F4,,4183,NA1,Notholithocarpus,densiflorus,2002,,,,,,,,42.07282,-124.26214,CurryCo_List,,
7612-C6,,4245,NA1,,,2002,,,,,,,,42.07387,-124.26338,CurryCo_List,,
7612-G9,,4280,NA1,Rhododendron,macrophyllum,2002,,,,,,,,42.07838,-124.26098,CurryCo_List,,
7612-D11,PR-02-021,4281,NA1,Rhododendron,macrophyllum,2002,USA,OR,Curry,,Forest,,,42.07825,-124.26105,CurryCo_List/GLCC_DB,,
7612-C1,PR-02-002,4284,NA1,Notholithocarpus,densiflorus,2002,USA,OR,,,,leaves,,42.07825,-124.26105,CurryCo_List/GLCC_DB,,
7612-D6,PR-02-022,4297,NA1,Notholithocarpus,densiflorus,2002,USA,OR,Curry,,Forest,,,42.07717,-124.26164,CurryCo_List/GLCC_DB,,
7612-H3,,4300.1,NA1,Notholithocarpus,densiflorus,2002,,,,,,,,42.11421,-124.2609,CurryCo_List,,
7612-A6,PR-02-023,4301,NA1,Notholithocarpus,densiflorus,2002,USA,OR,Curry,,Forest,,,42.11421,-124.2609,CurryCo_List/GLCC_DB,,
7612-E10,,4584,NA1,,,2005,,,,,,,,,,CurryCo_List,,
7612-E7,,5013.1,NA1,Notholithocarpus,densiflorus,2001,,,,,,,,42.07397,-124.26266,CurryCo_List,,
7612-F11,,5019,NA1,Notholithocarpus,densiflorus,2001,,,,,,,,42.07397,-124.26266,CurryCo_List,,
7612-A2,,5449,NA1,Notholithocarpus,densiflorus,2002,,,,,,,,42.07637,-124.26083,CurryCo_List,,
7612-A9,,5450,NA1,Notholithocarpus,densiflorus,2002,,,,,,,,42.07637,-124.26083,CurryCo_List,,
7612-G4,,5451,NA1,Notholithocarpus,densiflorus,2002,,,,,,,,42.07637,-124.26083,CurryCo_List,,
7612-F8,,5464,NA1,Notholithocarpus,densiflorus,2002,,,,,,,,42.09062,-124.2737,CurryCo_List,,
7612-G5,,5466,NA1,Rhododendron,macrophyllum,2002,,,,,,,,42.0899,-124.27602,CurryCo_List,,
7612-A10,,5467,NA1,Umbellularia,californica,2002,,,,,,,,42.0914,-124.27195,CurryCo_List,,
7612-C10,,9013,NA1,Notholithocarpus,densiflorus,2004,,,,,,,,42.10643,-124.25052,CurryCo_List,,
7612-F10,PR-13-290,9022,NA1,Notholithocarpus,densiflorus,2004,USA,OR,Curry,,,,,42.10781,-124.2504,CurryCo_List/GLCC_DB,,
7612-D10,,9032,NA1,Notholithocarpus,densiflorus,2004,,,,,,,,42.08239,-124.24883,CurryCo_List,,
7612-F6,,9034,NA1,Notholithocarpus,densiflorus,2004,,,,,,,,42.08139,-124.25,CurryCo_List,,
7612-C12,PR-14-089,9129,NA1,Notholithocarpus,densiflorus,2005,USA,OR,Curry,,,,,42.07046,-124.26115,CurryCo_List/GLCC_DB,,
7612-H12,,9132,NA1,Notholithocarpus,densiflorus,2005,,,,,,,,42.08578,-124.24975,CurryCo_List,,
7881-A2,,9135,NA1,,,2005,,,,,,,,42.08411,-124.25139,CurryCo_List,,
7612-G12,PR-05-043,9138,NA1,Notholithocarpus,densiflorus,2005,USA,,,,,,,42.0887,-124.2476,CurryCo_List/GLCC_DB,,
7612-D12,PR-05-202,9143,NA1,Notholithocarpus,densiflorus,2005,USA,,,,Forest,,,42.0887,-124.2476,CurryCo_List/GLCC_DB,,
7881-F12,,9145,NA1,Notholithocarpus,densiflorus,2005,,,,,,,,42.08586,-124.24904,CurryCo_List,,
7881-G12,,9150,NA1,Notholithocarpus,densiflorus,2005,,,,,,,,42.10582,-124.25178,CurryCo_List,,
7881-F3,,9157,NA1,Notholithocarpus,densiflorus,2005,,,,,,,,42.08826,-124.24914,CurryCo_List,,
7612-A12,,9159,NA1,Notholithocarpus,densiflorus,2005,,,,,,,,42.08826,-124.24914,CurryCo_List,,
7881-C2,,9179,NA1,Notholithocarpus,densiflorus,2005,,,,,,,,42.08808,-124.24911,CurryCo_List,,
7881-B2,,9180,NA1,Notholithocarpus,densiflorus,2005,,,,,,,,42.08813,-124.24917,CurryCo_List,,
7881-C1,,9187,NA1,Notholithocarpus,densiflorus,2005,,,,,,,,42.10839,-124.25069,CurryCo_List,,
7612-E12,,9190,NA1,Notholithocarpus,densiflorus,2005,,,,,,,,42.10814,-124.24961,CurryCo_List,,
7881-H12,PR-05-205,9199,NA1,Notholithocarpus,densiflorus,2005,USA,,,,Forest,,,42.0954,-124.27505,CurryCo_List/GLCC_DB,,
7881-D2,PR-05-206,9201,NA1,Notholithocarpus,densiflorus,2005,USA,,,,Forest,,,42.1056,-124.25209,CurryCo_List/GLCC_DB,,
7885-A1,,9256,NA1,,,2005,,,,,,,,,,CurryCo_List,,
7881-H2,PR-13-294,9324,NA1,Notholithocarpus,densiflorus,2005,USA,OR,Curry,,,,,42.08403,-124.25217,CurryCo_List/GLCC_DB,,
7881-D1,,9325,NA1,Notholithocarpus,densiflorus,2005,,,,,,,,42.0842,-124.25174,CurryCo_List,,
7885-D1,,9326,NA1,Notholithocarpus,densiflorus,2005,,,,,,,,42.08422,-124.25229,CurryCo_List,,
7881-F2,,9327,NA1,Notholithocarpus,densiflorus,2005,,,,,,,,42.07825,-124.25991,CurryCo_List,,
7885-B1,,9331,NA1,Notholithocarpus,densiflorus,2005,,,,,,,,42.07953,-124.26303,CurryCo_List,,
7881-E3,PR-13-295,9332,NA1,Notholithocarpus,densiflorus,2005,USA,OR,Curry,,,,,42.07933,-124.26285,CurryCo_List/GLCC_DB,,
7881-H1,,9333,NA1,Notholithocarpus,densiflorus,2005,,,,,,,,42.08049,-124.26245,CurryCo_List,,
7881-A1,PR-13-296,9338,NA1,Notholithocarpus,densiflorus,2005,USA,OR,Curry,,,,,42.10959,-124.23961,CurryCo_List/GLCC_DB,,
7881-D3,,9365,NA1,Notholithocarpus,densiflorus,2005,,,,,,,,42.07918,-124.26262,CurryCo_List,,
7612-F12,,9386,NA1,Notholithocarpus,densiflorus,2005,,,,,,,,42.08025,-124.26092,CurryCo_List,,
7881-C3,,9387,NA1,Notholithocarpus,densiflorus,2005,,,,,,,,42.08025,-124.26092,CurryCo_List,,
7885-C1,,9388,NA1,Notholithocarpus,densiflorus,2005,,,,,,,,42.08025,-124.26092,CurryCo_List,,
7881-B3,,9401,NA1,Notholithocarpus,densiflorus,2005,,,,,,,,42.08025,-124.26092,CurryCo_List,,
7881-A3,,9407,NA1,Notholithocarpus,densiflorus,2005,,,,,,,,42.08048,-124.26007,CurryCo_List,,
Pram_PR_11_001_NA1,PR-11-001,9488,NA1,Notholithocarpus,densiflorus,2006,USA,OR,Curry,,Forest,,,,,GLCC_DB,,
Pram_PR_11_004_NA1,PR-11-004,11372,NA1,Notholithocarpus,densiflorus,2011,USA,OR,Curry,,Forest,,,,,GLCC_DB,,
7613-H5,PR-16-190,13340,EU1,Notholithocarpus,densiflorus,2015,USA,OR,Curry,,Forest,,,42.29182,-124.39732,CurryCo_List/GLCC_DB,,
7613-D1,PR-16-191,13341,EU1,Notholithocarpus,densiflorus,2016,USA,OR,Curry,,Forest,,,42.29182,-124.39735,CurryCo_List/GLCC_DB,,
PR-13-132,PR-13-132,13916,NA1,Notholithocarpus,densiflorus,2013,USA,OR,Curry,,Forest,bark,,,,GLCC_DB,,
PR-13-158,PR-13-158,14004,NA1,Notholithocarpus,densiflorus,2013,USA,OR,Curry,,Forest,bark,,,,GLCC_DB,,
PR-14-021,PR-14-021,14167,NA1,Notholithocarpus,densiflorus,2014,USA,OR,Curry,,Forest,bark,,,,GLCC_DB,,
PR-14-028,PR-14-028,14172,NA1,Notholithocarpus,densiflorus,2014,USA,OR,Curry,,Forest,bark,,,,GLCC_DB,,
7613-C7,PR-17-156,15201,EU1,Notholithocarpus,densiflorus,2017,USA,OR,Curry,,Forest,,,42.29361,-124.39993,CurryCo_List/GLCC_DB,,
7881-G5,PR-17-157,15202,EU1,Notholithocarpus,densiflorus,2017,USA,OR,Curry,,Forest,,,42.29688,-124.40091,CurryCo_List/GLCC_DB,,
7881-A11,PR-17-158,15203,EU1,Notholithocarpus,densiflorus,2017,USA,OR,Curry,,Forest,,,42.29692,-124.40073,CurryCo_List/GLCC_DB,,
7613-B5,PR-17-159,15204,EU1,Notholithocarpus,densiflorus,2017,USA,OR,Curry,,Forest,,,42.29687,-124.40076,CurryCo_List/GLCC_DB,,
7613-C5,PR-17-160,15205,EU1,Notholithocarpus,densiflorus,2017,USA,OR,Curry,,Forest,,,42.29429,-124.39993,CurryCo_List/GLCC_DB,,
7613-A2,PR-16-117,15276,EU1,Notholithocarpus,densiflorus,2016,USA,OR,Curry,,Forest,,,42.29137,-124.39761,CurryCo_List/GLCC_DB,,
7613-C1,PR-16-132,15278,EU1,Notholithocarpus,densiflorus,2016,USA,OR,Curry,,Forest,,,42.2919,-124.39754,CurryCo_List/GLCC_DB,,
7881-A6,PR-16-118,15279,EU1,Notholithocarpus,densiflorus,2016,USA,OR,Curry,,Forest,,,42.29169,-124.3972,CurryCo_List/GLCC_DB,,
7613-D8,PR-17-373,15295,EU1,Notholithocarpus,densiflorus,2017,USA,OR,Curry,,Forest,,,,,GLCC_DB,,
7881-E6,PR-16-126,15422,EU1,Notholithocarpus,densiflorus,2016,USA,OR,Curry,,Forest,,,42.29179,-124.39801,CurryCo_List/GLCC_DB,,
7613-A1,PR-16-140,15423,EU1,Notholithocarpus,densiflorus,2016,USA,OR,Curry,,Forest,,,42.29163,-124.39736,CurryCo_List/GLCC_DB,,
7881-E9,PR-16-128,15453,EU1,Notholithocarpus,densiflorus,2016,USA,OR,Curry,,Forest,,,42.2915,-124.39806,CurryCo_List/GLCC_DB,,
7881-C6,PR-16-141,15454,EU1,Notholithocarpus,densiflorus,2016,USA,OR,Curry,,Forest,,,42.29132,-124.39821,CurryCo_List/GLCC_DB,,
7881-B6,PR-16-129,15455,EU1,Notholithocarpus,densiflorus,2016,USA,OR,Curry,,Forest,,,42.29176,-124.39835,CurryCo_List/GLCC_DB,,
7613-B1,PR-16-144,15465,EU1,Notholithocarpus,densiflorus,2016,USA,OR,Curry,,Forest,,,42.29116,-124.39548,CurryCo_List/GLCC_DB,,
7881-D7,PR-16-130,15466,EU1,Notholithocarpus,densiflorus,2016,USA,OR,Curry,,Forest,,,42.29182,-124.39737,CurryCo_List/GLCC_DB,,
7881-G10,PR-16-163,15512,EU1,Notholithocarpus,densiflorus,2016,USA,OR,Curry,,Forest,,,42.29247,-124.39927,CurryCo_List/GLCC_DB,,
7613-F1,PR-16-164,15513,EU1,Notholithocarpus,densiflorus,2016,USA,OR,Curry,,Forest,,,42.29147,-124.39869,CurryCo_List/GLCC_DB,,
7881-F10,PR-16-193,15581,EU1,Notholithocarpus,densiflorus,2016,USA,OR,Curry,,Forest,,,42.2919,-124.39764,CurryCo_List/GLCC_DB,,
7881-F11,PR-16-195,15585,EU1,Notholithocarpus,densiflorus,2016,USA,OR,Curry,,Forest,,,42.29176,-124.39729,CurryCo_List/GLCC_DB,,
7613-B12,PR-16-200,15586,EU1,Notholithocarpus,densiflorus,2016,USA,OR,Curry,,Forest,,,42.29177,-124.39722,CurryCo_List/GLCC_DB,,
7881-H8,PR-16-196,15587,EU1,Notholithocarpus,densiflorus,2016,USA,OR,Curry,,Forest,,,42.29167,-124.39727,CurryCo_List/GLCC_DB,,
7613-D11,PR-17-075,15699,EU1,Notholithocarpus,densiflorus,2017,USA,OR,Curry,,Forest,,,42.29308,-124.39828,CurryCo_List/GLCC_DB,,
7881-A7,PR-17-009,15723,EU1,Notholithocarpus,densiflorus,2017,USA,OR,Curry,,Forest,,,,,GLCC_DB,,
7613-F12,PR-17-024,15730,EU1,Notholithocarpus,densiflorus,2017,USA,OR,Curry,,Forest,,,42.29353,-124.39951,CurryCo_List/GLCC_DB,,
7613-A12,PR-17-076,15750,EU1,Notholithocarpus,densiflorus,2017,USA,OR,Curry,,Forest,,,42.29308,-124.39848,CurryCo_List/GLCC_DB,,
7613-A4,PR-17-077,15751,EU1,Notholithocarpus,densiflorus,2017,USA,OR,Curry,,Forest,,,42.29318,-124.3987,CurryCo_List/GLCC_DB,,
7613-F2,PR-17-078,15765,EU1,Notholithocarpus,densiflorus,2017,USA,OR,Curry,,Forest,,,42.30305,-124.39849,CurryCo_List/GLCC_DB,,
7613-G2,PR-17-096,15776,EU1,Notholithocarpus,densiflorus,2017,USA,OR,Curry,,Forest,,,42.2935,-124.39967,CurryCo_List/GLCC_DB,,
7613-H2,PR-17-098,15778,EU1,Notholithocarpus,densiflorus,2017,USA,OR,Curry,,Forest,,,42.29342,-124.394,CurryCo_List/GLCC_DB,,
7881-G11,PR-17-100,15780,EU1,Notholithocarpus,densiflorus,2017,USA,OR,Curry,,Forest,,,42.2934,-124.39951,CurryCo_List/GLCC_DB,,
7613-H7,PR-17-122,15790,EU1,Notholithocarpus,densiflorus,2017,USA,OR,Curry,,Forest,,,42.29417,-124.39967,CurryCo_List/GLCC_DB,,
7881-G9,PR-17-128,15800,EU1,Notholithocarpus,densiflorus,2017,USA,OR,Curry,,Forest,,,42.3029,-124.39862,CurryCo_List/GLCC_DB,,
7613-C4,PR-17-130,15802,EU1,Notholithocarpus,densiflorus,2017,USA,OR,Curry,,Forest,,,42.30304,-124.39926,CurryCo_List/GLCC_DB,,
7613-A11,PR-17-165,15814,EU1,Notholithocarpus,densiflorus,2017,USA,OR,Curry,,Forest,,,42.29689,-124.40076,CurryCo_List/GLCC_DB,,
7613-C3,PR-17-167,15823,EU1,Notholithocarpus,densiflorus,2017,USA,OR,Curry,,Forest,,,42.29354,-124.39828,CurryCo_List/GLCC_DB,,
7613-D4,PR-17-192,15833,EU1,Notholithocarpus,densiflorus,2017,USA,OR,Curry,,Forest,,,42.30286,-124.40084,CurryCo_List/GLCC_DB,,
7881-G8,PR-17-212,15834,EU1,Notholithocarpus,densiflorus,2017,USA,OR,Curry,,Forest,,,42.30525,-124.40121,CurryCo_List/GLCC_DB,,
7613-G1,PR-17-216,15840,EU1,Notholithocarpus,densiflorus,2017,USA,OR,Curry,,Forest,,,42.29595,-124.39743,CurryCo_List/GLCC_DB,,
7613-C8,PR-17-218,15844,EU1,Notholithocarpus,densiflorus,2017,USA,OR,Curry,,Forest,,,42.29356,-124.39486,CurryCo_List/GLCC_DB,,
7613-G8,PR-17-294,15847,EU1,Notholithocarpus,densiflorus,2017,USA,OR,Curry,,Forest,,,42.30508,-124.39986,CurryCo_List/GLCC_DB,,
7613-H8,PR-17-295,15848,EU1,Notholithocarpus,densiflorus,2017,USA,OR,Curry,,Forest,,,42.30552,-124.39943,CurryCo_List/GLCC_DB,,
7613-E9,PR-17-297,15850,EU1,Notholithocarpus,densiflorus,2017,USA,OR,Curry,,Forest,,,42.30584,-124.40054,CurryCo_List/GLCC_DB,,
7613-F3,PR-17-228,15855,EU1,Notholithocarpus,densiflorus,2017,USA,OR,Curry,,Forest,,,42.29282,-124.39279,CurryCo_List/GLCC_DB,,
7613-A7,PR-17-220,15856,EU1,Notholithocarpus,densiflorus,2017,USA,OR,Curry,,Forest,,,42.29331,-124.39374,CurryCo_List/GLCC_DB,,
7613-E2,PR-17-275,15865,EU1,Notholithocarpus,densiflorus,2017,USA,OR,Curry,,Forest,,,42.29325,-124.39245,CurryCo_List/GLCC_DB,,
7613-D2,PR-17-244,15874,EU1,Notholithocarpus,densiflorus,2017,USA,OR,Curry,,Forest,,,42.2932,-124.39419,CurryCo_List/GLCC_DB,,
7613-A10,PR-17-245,15875,EU1,Notholithocarpus,densiflorus,2017,USA,OR,Curry,,Forest,,,42.29196,-124.39355,CurryCo_List/GLCC_DB,,
7881-G7,PR-17-247,15877,EU1,Notholithocarpus,densiflorus,2017,USA,OR,Curry,,Forest,,,42.29146,-124.39326,CurryCo_List/GLCC_DB,,
7613-G10,PR-17-250,15881,EU1,Notholithocarpus,densiflorus,2017,USA,OR,Curry,,Forest,,,42.30639,-124.40017,CurryCo_List/GLCC_DB,,
7613-B2,PR-17-299,15900,EU1,Notholithocarpus,densiflorus,2017,USA,OR,Curry,,Forest,,,42.30658,-124.40266,CurryCo_List/GLCC_DB,,
7613-H6,PR-17-301,15903,EU1,Notholithocarpus,densiflorus,2017,USA,OR,Curry,,Forest,,,42.30692,-124.40102,CurryCo_List/GLCC_DB,,
7613-E6,PR-17-314,15916,EU1,Notholithocarpus,densiflorus,2017,USA,OR,Curry,,Forest,,,42.293,-124.39806,CurryCo_List/GLCC_DB,,
7613-H10,PR-17-315,15917,EU1,Notholithocarpus,densiflorus,2017,USA,OR,Curry,,Forest,,,42.2947,-124.39073,CurryCo_List/GLCC_DB,,
7613-F6,PR-17-333,15919,EU1,Notholithocarpus,densiflorus,2017,USA,OR,Curry,,Forest,,,42.29836,-124.39231,CurryCo_List/GLCC_DB,,
7613-A6,PR-17-363,15937,EU1,Notholithocarpus,densiflorus,2017,USA,OR,Curry,,Forest,,,42.32046,-124.40215,CurryCo_List/GLCC_DB,,
7881-H10,PR-17-374,15938,EU1,Notholithocarpus,densiflorus,2017,USA,OR,Curry,,Forest,,,42.33006,-124.40855,CurryCo_List/GLCC_DB,,
7613-C2,PR-17-375,15939,EU1,Notholithocarpus,densiflorus,2017,USA,OR,Curry,,Forest,,,42.33001,-124.40851,CurryCo_List/GLCC_DB,,
7613-D9,PR-17-376,15942.1,EU1,Notholithocarpus,densiflorus,2017,USA,OR,Curry,,Forest,,,42.32917,-124.40677,CurryCo_List/GLCC_DB,,
7881-E7,PR-17-337,15950,EU1,Notholithocarpus,densiflorus,2017,USA,OR,Curry,,Forest,,,42.30758,-124.40366,CurryCo_List/GLCC_DB,,
7613-E7,PR-17-338,15951,EU1,Notholithocarpus,densiflorus,2017,USA,OR,Curry,,Forest,,,42.30854,-124.40346,CurryCo_List/GLCC_DB,,
7613-H9,PR-17-339,15952,EU1,Notholithocarpus,densiflorus,2017,USA,OR,Curry,,Forest,,,42.30905,-124.4038,CurryCo_List/GLCC_DB,,
7613-G9,PR-17-340,15953,EU1,Notholithocarpus,densiflorus,2017,USA,OR,Curry,,Forest,,,42.32642,-124.40691,CurryCo_List/GLCC_DB,,
7613-C10,PR-17-364,15958,EU1,Notholithocarpus,densiflorus,2017,USA,OR,Curry,,Forest,,,42.31972,-124.40417,CurryCo_List/GLCC_DB,,
7613-C9,PR-17-377,15965,EU1,Notholithocarpus,densiflorus,2017,USA,OR,Curry,,Forest,,,42.32747,-124.40766,CurryCo_List/GLCC_DB,,
7613-D7,PR-17-378,15966,EU1,Notholithocarpus,densiflorus,2017,USA,OR,Curry,,Forest,,,42.32708,-124.40683,CurryCo_List/GLCC_DB,,
7613-F9,PR-17-380,15976,EU1,Notholithocarpus,densiflorus,2017,USA,OR,Curry,,Forest,,,42.32252,-124.40235,CurryCo_List/GLCC_DB,,
7613-B10,PR-17-381,15978,EU1,Notholithocarpus,densiflorus,2017,USA,OR,Curry,,Forest,,,42.33063,-124.40646,CurryCo_List/GLCC_DB,,
7613-A3,PR-17-386,15979,EU1,Notholithocarpus,densiflorus,2017,USA,OR,Curry,,Forest,,,42.33202,-124.40817,CurryCo_List/GLCC_DB,,
7881-F9,PR-17-369,15983,EU1,Notholithocarpus,densiflorus,2017,USA,OR,Curry,,Forest,,,42.3205,-124.4045,CurryCo_List/GLCC_DB,,
7881-H9,PR-17-367,15984,EU1,Notholithocarpus,densiflorus,2017,USA,OR,Curry,,Forest,,,42.31017,-124.39842,CurryCo_List/GLCC_DB,,
7881-F7,PR-17-387,15986,EU1,Notholithocarpus,densiflorus,2017,USA,OR,Curry,,Forest,,,42.3337,-124.40857,CurryCo_List/GLCC_DB,,
7881-F5,PR-17-388,15987,EU1,Notholithocarpus,densiflorus,2017,USA,OR,Curry,,Forest,,,42.33406,-124.40667,CurryCo_List/GLCC_DB,,
7881-H6,PR-17-371,15988,EU1,Notholithocarpus,densiflorus,2017,USA,OR,Curry,,Forest,,,42.33043,-124.40566,CurryCo_List/GLCC_DB,,
7613-G11,PR-17-390,15992,EU1,Notholithocarpus,densiflorus,2017,USA,OR,Curry,,Forest,,,42.3359,-124.36069,CurryCo_List/GLCC_DB,,
7613-G12,PR-17-391,15993,EU1,Notholithocarpus,densiflorus,2017,USA,OR,Curry,,Forest,,,42.33583,-124.36071,CurryCo_List/GLCC_DB,,
7613-F8,PR-17-402,15995,EU1,Notholithocarpus,densiflorus,2017,USA,OR,Curry,,Forest,,,42.29449,-124.38777,CurryCo_List/GLCC_DB,,
7613-H12,PR-17-404,15997,EU1,Notholithocarpus,densiflorus,2017,USA,OR,Curry,,Forest,,,42.29917,-124.38767,CurryCo_List/GLCC_DB,,
7613-E8,PR-17-406,15999,EU1,Notholithocarpus,densiflorus,2017,USA,OR,Curry,,Forest,,,42.29848,-124.3869,CurryCo_List/GLCC_DB,,
7613-E10,PR-17-407,16017,EU1,Notholithocarpus,densiflorus,2017,USA,OR,Curry,,Forest,,,42.29697,-124.38154,CurryCo_List/GLCC_DB,,
7613-C12,PR-17-408,16018,EU1,Notholithocarpus,densiflorus,2017,USA,OR,Curry,,Forest,,,42.2954,-124.38299,CurryCo_List/GLCC_DB,,
7613-F10,PR-17-409,16030,EU1,Notholithocarpus,densiflorus,2017,USA,OR,Curry,,Forest,,,42.29557,-124.38747,CurryCo_List/GLCC_DB,,
7613-B6,PR-17-410,16031,EU1,Notholithocarpus,densiflorus,2017,USA,OR,Curry,,Forest,,,42.29632,-124.38646,CurryCo_List/GLCC_DB,,
7613-C6,PR-17-411,16034,EU1,Notholithocarpus,densiflorus,2017,USA,OR,Curry,,Forest,,,42.29174,-124.39071,CurryCo_List/GLCC_DB,,
7613-D12,PR-17-428,16063,EU1,Notholithocarpus,densiflorus,2017,USA,OR,Curry,,Forest,,,42.32949,-124.40826,CurryCo_List/GLCC_DB,,
7613-E12,PR-17-429,16066,EU1,Notholithocarpus,densiflorus,2017,USA,OR,Curry,,Forest,,,42.32659,-124.40571,CurryCo_List/GLCC_DB,,
7613-H11,,16203,EU1,Notholithocarpus,densiflorus,2018,,,,,,,,42.33438817,-124.4058502,CurryCo_List,,
7613-D6,PR-18-047,16226,EU1,Notholithocarpus,densiflorus,2018,USA,OR,Curry,,Forest,,,42.29683,-124.39667,CurryCo_List/GLCC_DB,,
7881-H7,PR-18-039,16227,EU1,Notholithocarpus,densiflorus,2018,USA,OR,Curry,,Forest,,,42.29697,-124.39788,CurryCo_List/GLCC_DB,,
7881-F8,PR-18-040,16228,EU1,Notholithocarpus,densiflorus,2018,USA,OR,Curry,,Forest,,,42.29653,-124.39838,CurryCo_List/GLCC_DB,,
7881-B11,PR-18-041,16229,EU1,Notholithocarpus,densiflorus,2018,USA,OR,Curry,,Forest,,,42.2961,-124.40145,CurryCo_List/GLCC_DB,,
7881-E8,PR-18-042,16230,EU1,Notholithocarpus,densiflorus,2018,USA,OR,Curry,,Forest,,,42.29413487,-124.4015792,CurryCo_List/GLCC_DB,,
7881-C11,PR-18-043,16231,EU1,Notholithocarpus,densiflorus,2018,USA,OR,Curry,,Forest,,,42.29628122,-124.4003031,CurryCo_List/GLCC_DB,,
7613-H1,PR-18-044,16232,EU1,Notholithocarpus,densiflorus,2018,USA,OR,Curry,,Forest,,,42.2944908,-124.401206,CurryCo_List/GLCC_DB,,
7881-D11,PR-18-048,16233,EU1,Notholithocarpus,densiflorus,2018,USA,OR,Curry,,Forest,,,42.29741208,-124.4019676,CurryCo_List/GLCC_DB,,
7881-C9,PR-18-054,16245,EU1,Notholithocarpus,densiflorus,2018,USA,OR,Curry,,Forest,,,42.33263479,-124.3836728,CurryCo_List/GLCC_DB,,
7881-A9,PR-18-055,16246,EU1,Notholithocarpus,densiflorus,2018,USA,OR,Curry,,Forest,,,42.33257872,-124.3837086,CurryCo_List/GLCC_DB,,
7613-B8,PR-18-135,16271,EU1,Notholithocarpus,densiflorus,2018,USA,OR,Curry,,Forest,,,42.29578,-124.39613,CurryCo_List/GLCC_DB,,
7613-A8,PR-18-174,16285,EU1,Notholithocarpus,densiflorus,2018,USA,OR,Curry,,Forest,,,42.29804,-124.40181,CurryCo_List/GLCC_DB,,
7881-H3,PR-18-176,16287,EU1,Notholithocarpus,densiflorus,2018,USA,OR,Curry,,Forest,,,42.2983834,-124.4033067,CurryCo_List/GLCC_DB,,
7613-G7,PR-18-185,16292,EU1,Notholithocarpus,densiflorus,2018,USA,OR,Curry,,Forest,,,42.33272934,-124.4028586,CurryCo_List/GLCC_DB,,
7881-E11,PR-18-193,16296,EU1,Notholithocarpus,densiflorus,2018,USA,OR,Curry,,Forest,,,42.32847728,-124.4111329,CurryCo_List/GLCC_DB,,
7881-F4,PR-18-197,16298,EU1,Notholithocarpus,densiflorus,2018,USA,OR,Curry,,Forest,,,42.33237445,-124.406187,CurryCo_List/GLCC_DB,,
7881-B7,PR-18-266,16316,EU1,Notholithocarpus,densiflorus,2018,USA,OR,Curry,,Forest,,,42.33631327,-124.3579418,CurryCo_List/GLCC_DB,,
7881-D5,PR-18-143,16379,EU1,Notholithocarpus,densiflorus,2018,USA,OR,Curry,,Forest,,,42.30115764,-124.3818502,CurryCo_List/GLCC_DB,,
7613-F7,PR-18-144,16380,EU1,Notholithocarpus,densiflorus,2018,USA,OR,Curry,,Forest,,,42.30108355,-124.3812713,CurryCo_List/GLCC_DB,,
7613-B4,PR-18-149,16381,EU1,Notholithocarpus,densiflorus,2018,USA,OR,Curry,,Forest,,,42.3009936,-124.3819455,CurryCo_List/GLCC_DB,,
7613-A9,PR-18-166,16408,EU1,Notholithocarpus,densiflorus,2018,USA,OR,Curry,,Forest,,,42.33158974,-124.3854524,CurryCo_List/GLCC_DB,,
7881-E4,PR-18-177,16414,EU1,Notholithocarpus,densiflorus,2018,USA,OR,Curry,,Forest,,,42.33082269,-124.404804,CurryCo_List/GLCC_DB,,
7613-F11,PR-18-167,16415,EU1,Notholithocarpus,densiflorus,2018,USA,OR,Curry,,Forest,,,42.33090798,-124.405053,CurryCo_List/GLCC_DB,,
7881-B9,PR-18-168,16416,EU1,Notholithocarpus,densiflorus,2018,USA,OR,Curry,,Forest,,,42.3311627,-124.4047792,CurryCo_List/GLCC_DB,,
7613-E11,PR-18-169,16418,EU1,Notholithocarpus,densiflorus,2018,USA,OR,Curry,,Forest,,,42.3032803,-124.3880929,CurryCo_List/GLCC_DB,,
7613-C11,PR-18-179,16429,EU1,Notholithocarpus,densiflorus,2018,USA,OR,Curry,,Forest,,,42.33097375,-124.403392,CurryCo_List/GLCC_DB,,
7613-B11,PR-18-190,16438,EU1,Notholithocarpus,densiflorus,2018,USA,OR,Curry,,Forest,,,42.33433933,-124.3997998,CurryCo_List/GLCC_DB,,
7881-D9,PR-18-183,16439,EU1,Notholithocarpus,densiflorus,2018,USA,OR,Curry,,Forest,,,42.33426247,-124.4002058,CurryCo_List/GLCC_DB,,
7881-G4,PR-18-212,16457,EU1,Notholithocarpus,densiflorus,2018,USA,OR,Curry,,Forest,,,42.30942145,-124.3999789,CurryCo_List/GLCC_DB,,
7881-D4,PR-18-219,16501,EU1,Notholithocarpus,densiflorus,2018,USA,OR,Curry,,Forest,,,42.30850581,-124.4009397,CurryCo_List/GLCC_DB,,
7613-D10,PR-18-270,16543,EU1,Notholithocarpus,densiflorus,2018,USA,OR,Curry,,Forest,,,42.33634487,-124.3581126,CurryCo_List/GLCC_DB,,
7613-F5,PR-18-222,16551,EU1,Notholithocarpus,densiflorus,2018,USA,OR,Curry,,Forest,,,42.3315627,-124.3927389,CurryCo_List/GLCC_DB,,
7881-C4,PR-18-225,16555,EU1,Notholithocarpus,densiflorus,2018,USA,OR,Curry,,Forest,,,42.30931005,-124.4012615,CurryCo_List/GLCC_DB,,
7881-C7,PR-18-226,16556,EU1,Notholithocarpus,densiflorus,2018,USA,OR,Curry,,Forest,,,42.30975467,-124.4013666,CurryCo_List/GLCC_DB,,
7613-B9,PR-18-281,16626,EU1,Notholithocarpus,densiflorus,2018,USA,OR,Curry,,Forest,,,42.3452962,-124.4142414,CurryCo_List/GLCC_DB,,
7613-G5,PR-18-282,16627,EU1,Notholithocarpus,densiflorus,2018,USA,OR,Curry,,Forest,,,42.34535844,-124.4142404,CurryCo_List/GLCC_DB,,
7613-G6,PR-18-283,16629,EU1,Notholithocarpus,densiflorus,2018,USA,OR,Curry,,Forest,,,42.34574026,-124.4127144,CurryCo_List/GLCC_DB,,
7881-A10,PR-18-324,16676,EU1,Notholithocarpus,densiflorus,2018,USA,OR,Curry,,Forest,,,42.29316567,-124.3872632,CurryCo_List/GLCC_DB,,
7881-B10,PR-18-376,16682,EU1,Notholithocarpus,densiflorus,2019,USA,OR,Curry,,Forest,,,42.28776,-124.37798,CurryCo_List/GLCC_DB,,
7881-C10,PR-18-377,16685,EU1,Notholithocarpus,densiflorus,2019,USA,OR,Curry,,Forest,,,42.2999,-124.4035,CurryCo_List/GLCC_DB,,
7881-D10,PR-19-009,16688,EU1,Notholithocarpus,densiflorus,2019,USA,OR,Curry,,Forest,,,42.32624736,-124.402193,CurryCo_List/GLCC_DB,,
7881-A8,PR-19-010,16689,EU1,Notholithocarpus,densiflorus,2019,USA,OR,Curry,,Forest,,,42.32636496,-124.4021628,CurryCo_List/GLCC_DB,,
7881-E10,PR-19-011,16690,EU1,Notholithocarpus,densiflorus,2019,USA,OR,Curry,,Forest,,,42.32565329,-124.4001623,CurryCo_List/GLCC_DB,,
7613-G4,PR-19-013,16692,EU1,Notholithocarpus,densiflorus,2019,USA,OR,Curry,,Forest,,,42.32173584,-124.4124644,CurryCo_List/GLCC_DB,,
7881-F6,PR-19-014,16694,EU1,Notholithocarpus,densiflorus,2019,USA,OR,Curry,,Forest,,,42.3219,-124.41222,CurryCo_List/GLCC_DB,,
7881-H4,PR-18-325,16736,EU1,Notholithocarpus,densiflorus,2018,USA,OR,Curry,,Forest,,,42.343896,-124.4053826,CurryCo_List/GLCC_DB,,
7881-C8,PR-18-328,16743,EU1,Notholithocarpus,densiflorus,2018,USA,OR,Curry,,Forest,,,42.29392729,-124.3862809,CurryCo_List/GLCC_DB,,
7881-D8,PR-18-330,16745,EU1,Notholithocarpus,densiflorus,2018,USA,OR,Curry,,Forest,,,42.29139491,-124.3872468,CurryCo_List/GLCC_DB,,
7613-D3,PR-18-320,16753,EU1,Notholithocarpus,densiflorus,2018,USA,OR,Curry,,Forest,,,42.338834,-124.407969,CurryCo_List/GLCC_DB,,
7881-A5,PR-18-331,16802,EU1,Notholithocarpus,densiflorus,2018,USA,OR,Curry,,Forest,,,42.33169984,-124.3944806,CurryCo_List/GLCC_DB,,
7613-E3,PR-18-346,16818,EU1,Notholithocarpus,densiflorus,2018,USA,OR,Curry,,Forest,,,42.34168389,-124.4079532,CurryCo_List/GLCC_DB,,
7613-G3,PR-18-347,16819,EU1,Notholithocarpus,densiflorus,2018,USA,OR,Curry,,Forest,,,42.34164488,-124.4079924,CurryCo_List/GLCC_DB,,
7881-C5,PR-18-354,16827,EU1,Notholithocarpus,densiflorus,2018,USA,OR,Curry,,Forest,,,42.29002179,-124.3837119,CurryCo_List/GLCC_DB,,
7613-H3,PR-18-332,16852,EU1,Notholithocarpus,densiflorus,2018,USA,OR,Curry,,Forest,,,42.3535533,-124.4066722,CurryCo_List/GLCC_DB,,
7881-B5,PR-18-333,16853,EU1,Notholithocarpus,densiflorus,2018,USA,OR,Curry,,Forest,,,42.35350489,-124.4063179,CurryCo_List/GLCC_DB,,
7881-D6,PR-18-351,16885,EU1,Notholithocarpus,densiflorus,2018,USA,OR,Curry,,Forest,,,42.33124897,-124.3785557,CurryCo_List/GLCC_DB,,
7613-E1,PR-19-001,16971,EU1,Notholithocarpus,densiflorus,2019,USA,OR,Curry,,Forest,,,42.29011,-124.39215,CurryCo_List/GLCC_DB,,
7881-G6,PR-19-002,16972,EU1,Notholithocarpus,densiflorus,2019,USA,OR,Curry,,Forest,,,42.29051,-124.39198,CurryCo_List/GLCC_DB,,
7881-E5,PR-19-003,16973,EU1,Notholithocarpus,densiflorus,2019,USA,OR,Curry,,Forest,,,42.29049,-124.39166,CurryCo_List/GLCC_DB,,
7881-H5,PR-19-004,16976,EU1,Notholithocarpus,densiflorus,2019,USA,OR,Curry,,Forest,,,42.32055534,-124.3795487,CurryCo_List/GLCC_DB,,
7881-B8,PR-19-023,16977,EU1,Notholithocarpus,densiflorus,2019,USA,OR,Curry,,Forest,,,42.32064243,-124.3794839,CurryCo_List/GLCC_DB,,
7881-A4,PR-19-005,16979,EU1,Notholithocarpus,densiflorus,2019,USA,OR,Curry,,Forest,,,42.3215551,-124.3731253,CurryCo_List/GLCC_DB,,
7881-B4,PR-19-024,16983,EU1,Notholithocarpus,densiflorus,2019,USA,OR,Curry,,Forest,,,42.31594237,-124.4050178,CurryCo_List/GLCC_DB,,
7613-B3,PR-19-006,16984,EU1,Notholithocarpus,densiflorus,2019,USA,OR,Curry,,Forest,,,42.32719344,-124.3825573,CurryCo_List/GLCC_DB,,
7613-H4,PR-19-025,16985,EU1,Notholithocarpus,densiflorus,2019,USA,OR,Curry,,Forest,,,42.32729195,-124.382436,CurryCo_List/GLCC_DB,,
7613-F4,PR-19-026,16988,EU1,Notholithocarpus,densiflorus,2019,USA,OR,Curry,,Forest,,,42.33521709,-124.3814073,CurryCo_List/GLCC_DB,,
7613-E4,PR-19-007,16989,EU1,Notholithocarpus,densiflorus,2019,USA,OR,Curry,,Forest,,,42.30477671,-124.3972228,CurryCo_List/GLCC_DB,,
7613-D5,PR-19-008,16991,EU1,Notholithocarpus,densiflorus,2019,USA,OR,Curry,,Forest,,,42.32546491,-124.3826399,CurryCo_List/GLCC_DB,,
7613-E5,PR-19-027,16992,EU1,Notholithocarpus,densiflorus,2019,USA,OR,Curry,,Forest,,,42.32535819,-124.3826387,CurryCo_List/GLCC_DB,,
7613-A5,PR-19-028,16993,EU1,Notholithocarpus,densiflorus,2019,USA,OR,Curry,,Forest,,,42.32573902,-124.3826597,CurryCo_List/GLCC_DB,,
7613-B7,PR-19-029,16994,EU1,Notholithocarpus,densiflorus,2019,USA,OR,Curry,,Forest,,,42.32553708,-124.3822204,CurryCo_List/GLCC_DB,,
Pram_PR_11_009_NA1,PR-11-009,1365048,NA1,Umbellularia,californica,2011,USA,CA,Marin,,,,,,,GLCC_DB,,
CDFA1418886,PR-07-121,1418886,NA1,Camellia,sp.,2004,USA,CA,Marin,,,,,,,ksuga_list,,duplicate
Pram_PR_07_121_NA1,PR-07-121,1418886,NA1,Camellia,sp.,2005,USA,CA,Marin,,,,,,,GLCC_DB,,duplicate
Pram_PR_11_010_NA1,PR-11-010,1496607,NA1,Camellia,japonica,2011,USA,CA,Sacramento,,,,,,,GLCC_DB,,
Pram_PR_11_020_NA1,PR-11-020,1625769,NA1,Molinadendron,sinaloense,2011,USA,CA,Alameda,,,,,,,GLCC_DB,,
Pram_PR_06_016_NA1,PR-06-016,06-81-2,NA1,Camellia,japonica,38789,USA,OR,Washington,,Nursery,,,,,GLCC_DB,,
Pram_PR_08_134_NA1,PR-08-134,08-SNJ-GO/NC-5B,NA1,Rhododendron,spp,2008,USA,NC,,Pineville,,soil under plants,,,,GLCC_DB,,
Pram_PR-09-150_EU1,PR-09-150,09-617-17 ODA,EU1,Rhododendron,,2009,USA,OR,Clackamas,,Nursery,,,,,GLCC_DB,,
Pram_PR-09-106_EU1,PR-09-106,09-82-68 ODA,EU1,Pieris,japonica,39902,USA,OR,Washington,,Nursery,,,,,GLCC_DB,,
Pram_PR_09_126_NA1,PR-09-126,09-SNJ-SC.09-0353a,NA1,Rhododendron,catawbiense,39938,USA,SC,,,,,,,,GLCC_DB,,
WSU107-0019.v2,,107-0019,NA1,,,,,,,,,,,,,,no data,
WSU107-0057.v2,PR-09-073,107-0057,NA1,,,2009,,,,,,,,,,GLCC_DB,,
WSU107-0072,PR-09-074,107-0072,NA1,,,2009,,,,,,,,,,GLCC_DB,,
WSU107-0081,PR-09-077,107-0081,NA1,,,2009,,,,,,,,,,GLCC_DB,,
WSU107-0086,,107-0086,NA1,,,,,,,,,,,,,,no data,
WSU108-0021,,108-0021,NA1,,,,,,,,,,,,,,no data,
Pram_PR-10-145_EU1,PR-10-145,10-923-6-1j,EU1,Rhododendron,spp,2010,USA,OR,Multnomah,Gresham,Nursery,leaf,,,,GLCC_DB,,
WSU111-0001,PR-13-055,111-0001,NA1,,,2011,USA,WA,,,,water,,,,GLCC_DB,,
WSU115-0118,,115-0118,NA1,,,,,,,,,,,,,,no data,
115-JROTH01-280-SD1,,115-JROTH01-280-SD1,NA1,,,,,,,,,,,,,DROP_List,no data,
Pram_PR-06-028_EU1,PR-06-028,1369017-11,EU1,Osmanthus,heterophyllus,2006,USA,CA,Humboldt,,,,,,,GLCC_DB,,
PR-13-085,PR-13-085,13774-9174,NA1,Notholithocarpus,densiflorus,2013,USA,OR,Curry,,Forest,bark,,,,GLCC_DB,,
137-MITSU03-6078-L1,,137-MITSU03-6078-L1,NA1,,,,,,,,,,,,,DROP_List,no data,
PR-13-109,PR-13-109,13867-9117,NA1,Notholithocarpus,densiflorus,2013,USA,OR,Curry,,Forest,bark,,,,GLCC_DB,,
PR-13-116,PR-13-116,13885-9177,NA1,Notholithocarpus,densiflorus,2013,USA,OR,Curry,,Forest,bark,,,,GLCC_DB,,
PR-13-122,PR-13-122,13893-9178,NA1,Notholithocarpus,densiflorus,2013,USA,OR,Curry,,Forest,bark,,,,GLCC_DB,,
PR-13-127,PR-13-127,13904-9180,NA1,Notholithocarpus,densiflorus,2013,USA,OR,Curry,,Forest,bark,,,,GLCC_DB,,
PR-13-172,PR-13-172,13931-9204,NA1,Notholithocarpus,densiflorus,2013,USA,OR,Curry,,Forest,bark,,,,GLCC_DB,,
Pram_PR_07_101_NA1,PR-07-101,1428631-1,NA1,Camellia,japonica,2007,USA,CA,Sonoma,,,,,,,GLCC_DB,,
Pram_PR-09-054_NA2,PR-09-054,1470614-10,NA2,Rhododendron,,2008,USA,CA,Sacramento,,,,,,,GLCC_DB,,
Pram_PR_11_011_NA1,PR-11-011,1560191-36,NA1,Pieris,spp,2011,USA,CA,San Joaquin,,,,,,,GLCC_DB,,
Pram_PR-10-120_NA2,PR-10-120,1586251-1,NA2,Camellia,japonica,2010,USA,CA,Sonoma,,,leaf,,,,GLCC_DB,,
15-ARBIT04-303,,15-ARBIT04-303,NA1,,,,,,,,,,,,,DROP_List,no data,
161-SUGAR13-271-L1,,161-SUGAR13-271-L1,NA1,,,,,,,,,,,,,DROP_List,no data,
Pram_PR_11_018_NA1,PR-11-018,1621926-8,NA1,Laurus,nobilis,2011,USA,CA,Stanislaus,,,,,,,GLCC_DB,,
171-TERRI02-416-L1,,171-TERRI02-416-L1,NA1,,,,,,,,,,,,,DROP_List,no data,
17-ATHEA02-6925,,17-ATHEA02-6925,NA1,,,,,,,,,,,,,DROP_List,no data,
19-ELIOT01-2436,,19-ELIOT01-2436,NA1,,,,,,,,,,,,,DROP_List,no data,
21-FOP04-169,,21-FOP04-169,NA1,,,,,,,,,,,,,DROP_List,no data,
7612-A5,,2236stumpsoil-0205,NA1,,,2003,,,,,,,,42.10731,-124.25067,CurryCo_List,,
22-FOP04-202,,22-FOP04-202,NA1,,,,,,,,,,,,,DROP_List,no data,
Pram_PR_09_167_NA1,PR-09-167,263AL,NA1,Kalmia,latifolia,2005,USA,GA,Gwinnett,Norcross,,plant,,,,GLCC_DB,,
PR-13-203,PR-13-203,2989- GT65,NA1,Notholithocarpus,densiflorus,,USA,OR,Curry,,Forest,,,,,GLCC_DB,,
Pram_PR_09_175_NA1,PR-09-175,304F,NA1,Camellia,japonica,2005,USA,GA,Forsyth,Cumming,,plant,,,,GLCC_DB,,
32-JLSP05-4227,,32-JLSP05-4227,NA1,,,,,,,,,,,,,DROP_List,no data,
Pram_PR_07_048_NA1,PR-07-048,33-WA-RD,NA1,,,2005,USA,WA,Pierce,,,soil,,,,GLCC_DB,,
35-JLSP08-4349,,35-JLSP08-4349,NA1,,,,,,,,,,,,,DROP_List,no data,
7612-C2,,4120_R1,NA1,,,2001,,,,,,,,42.09114,-124.27432,CurryCo_List,,
7612-G2,,4131_R1,NA1,,,2001,USA,OR,Curry,,Forest,,,42.09114,-124.27432,CurryCo_List,,
7612-H2,,4134_(01),NA1,,,2001,USA,OR,Curry,,Forest,,,42.09114,-124.27432,CurryCo_List,,
7881-E12,,4240A,NA1,,,2002,,,,,,,,42.07426,-124.26316,CurryCo_List,,
7612-D4,PR-14-082,4245stumpsoil,NA1,,,2002,USA,OR,Curry,,,,,42.07387,-124.26338,CurryCo_list/GLCC_DB,,
45-JROTH05-282,,45-JROTH05-282,NA1,,,,,,,,,,,,,DROP_List,no data,
Pram_PR_07_066_NA1,PR-07-066,52-WA-A,NA1,,,2007,USA,WA,King,,,plant,,,,GLCC_DB,,
5-ANN15-843,,5-ANN15-843,NA1,,,,,,,,,,,,,DROP_List,no data,
60-SDC03-4369,,60-SDC03-4369,NA1,,,,,,,,,,,,,DROP_List,no data,
62-SUGAR13-271,,62-SUGAR13-271,NA1,,,,,,,,,,,,,DROP_List,no data,
7885-A8,,7885-A8,NA1,,,,,,,,,,,,,Yuzon_list,no data,
7885-A9,,7885-A9,EU1,,,,,,,,,,,,,Yuzon_list,no data,
7885-B8,,7885-B8,NA1,,,,,,,,,,,,,Yuzon_list,no data,
7885-B9,,7885-B9,EU1,,,,,,,,,,,,,Yuzon_list,no data,
7885-C8,,7885-C8,NA1,,,,,,,,,,,,,Yuzon_list,no data,
7885-C9,,7885-C9,EU2,,,,,,,,,,,,,Yuzon_list,no data,
7885-D8,,7885-D8,NA2,,,,,,,,,,,,,Yuzon_list,no data,
7885-D9,,7885-D9,EU2,,,,,,,,,,,,,Yuzon_list,no data,
7885-E8,,7885-E8,NA2,,,,,,,,,,,,,Yuzon_list,no data,
7885-E9,,7885-E9,EU2,,,,,,,,,,,,,Yuzon_list,no data,
7885-F8,,7885-F8,NA2,,,,,,,,,,,,,Yuzon_list,no data,
7885-F9,,7885-F9,EU2,,,,,,,,,,,,,Yuzon_list,no data,
7885-G8,,7885-G8,NA2,,,,,,,,,,,,,Yuzon_list,no data,
7885-H8,,7885-H8,NA2,,,,,,,,,,,,,Yuzon_list,no data,
8-ANN22-3037,,8-ANN22-3037,NA1,,,,,,,,,,,,,DROP_List,no data,
95-FOP333-207,,95-FOP333-207,NA1,,,,,,,,,,,,,DROP_List,no data,
96-FOP340-179,,96-FOP340-179,NA1,,,,,,,,,,,,,DROP_List,no data,
9D1,,9D1,NA1,,,,,,,,,,,,,Yuzon_list,no data,
ANN14-997,,ANN14-997,NA1,Sonoma,Umbellularia,2007,USA,CA,Sonoma,,,,,,,Yuzon_list,,
Pr-1556_2,,Bay4-11#2,NA1,,,2013,,,,,,race tube,,,,ksuga list,,
Pram_BBA_14-98-a_EU1,PR-98-002,BBA 14/98-a,EU1,Rhododendron,catawbiense,1998,Germany,,,,,,,,,GLCC_DB,,
Pram_PR-99-002_EU1,PR-99-002,BBA 16/99,EU1,Viburnum,bodnantense,1999,Germany,,,,,,,,,GLCC_DB,,
Pram_BBA_26-02_EU1,PR-08-001,BBA 26/02,EU1,Viburnum,bodnantense,2002,Belgium,,,,,,,,,GLCC_DB,,
Pram_PR-01-018_EU1,PR-01-018,BBA 35/01-01,EU1,Rhododendron,,2001,Germany,,,,,,,,,GLCC_DB,,
Pram_BBA_9-95_EU1,PR-95-001,BBA 9/95,EU1,Rhododendron,catawbiense,1995,Germany,,,,,,,,,GLCC_DB,,
Pram_PR-08-034_EU1,PR-08-034,BBA CSL 1560,EU1,Viburnum,tinus,2002,UK,,,,,,,,,GLCC_DB,,
Pram_PR-08-028_EU1,PR-08-028,BBA CSL 1604o,EU1,Rhododendron,grandiflora,2002,UK,,,,,,,,,GLCC_DB,,
BS2014-125,,BS2014-125,NA1,,,,,,,,,,,,,DROP_List,no data,
BS2014-236,,BS2014-236,NA1,,,,,,,,,,,,,DROP_List,no data,
BS2014-267,,BS2014-267,NA1,,,,,,,,,,,,,DROP_List,no data,
BS2014-268,,BS2014-268,NA1,,,,,,,,,,,,,DROP_List,no data,
BS2014-30,,BS2014-30,NA1,,,,,,,,,,,,,DROP_List,no data,
BS2014-408,,BS2014-408,NA1,,,,,,,,,,,,,DROP_List,no data,
BS2014-531,,BS2014-531,NA1,,,,,,,,,,,,,DROP_List,no data,
BS2014-535,,BS2014-535,NA1,,,,,,,,,,,,,DROP_List,no data,
BS2014-550,,BS2014-550,NA1,,,,,,,,,,,,,DROP_List,no data,
BS2014-570,,BS2014-570,NA1,,,,,,,,,,,,,DROP_List,no data,
BS2014-584,,BS2014-584,NA1,Notholithocarpus,densiflorus,2014,USA,CA,Monterey,,,,,,,Yuzon_list,,
BS2014-584_yuzon,,BS2014-584_yuzon,NA1,Notholithocarpus,densiflorus,2014,USA,CA,Monterey,,,,,,,Yuzon_list,,
BS2014-708,,BS2014-708,NA1,,,,,,,,,,,,,DROP_List,no data,
BS2014-710,,BS2014-710,NA1,,,,,,,,,,,,,DROP_List,no data,
BS2016-10,,BS2016-10,NA1,Umbellularia,californica,2016,USA,CA,Monterey,,,,,,,Yuzon_list,,
BS2016-13,,BS2016-13,NA1,,,,,,,,,,,,,DROP_List,no data,
BS2016-23,,BS2016-23,NA1,,,,,,,,,,,,,DROP_List,no data,
BS2016-28,,BS2016-28,NA1,,,,,,,,,,,,,DROP_List,no data,
BS2016-32,,BS2016-32,NA1,Notholithocarpus,densiflorus,2016,USA,CA,Monterey,,,,,,,Yuzon_list,,
BS2016-43,,BS2016-43,NA1,,,,,,,,,,,,,DROP_List,no data,
BS2016-47,,BS2016-47,NA1,,,,,,,,,,,,,DROP_List,no data,
BS96,,BS96,NA1,Umbellularia,californica,2003,USA,CA,Monterey,,,,,,,Yuzon_list,,
BS96_yuzon,,BS96_yuzon,NA1,Umbellularia,californica,2003,USA,CA,Monterey,,,,,,,Yuzon_list,,
CC1008,,CC1008,EU1,,,,,,,,,,,,,Yuzon_list,no data,
CC1011,,CC1011,EU1,,,,,,,,,,,,,Yuzon_list,no data,
CC1033,,CC1033,EU1,,,,,,,,,,,,,Yuzon_list,no data,
CC1048_a,,CC1048_a,EU1,,,,,,,,,,,,,Yuzon_list,no data,
CC1048_b,,CC1048_b,EU1,,,,,,,,,,,,,Yuzon_list,no data,
CC12475_a,,CC12475_a,EU1,,,,,,,,,,,,,Yuzon_list,no data,
CC12475_b,,CC12475_b,EU1,,,,,,,,,,,,,Yuzon_list,no data,
CC14654_a,,CC14654_a,EU1,,,,,,,,,,,,,Yuzon_list,no data,
CC14654_b,,CC14654_b,EU1,,,,,,,,,,,,,Yuzon_list,no data,
CC2168,,CC2168,EU1,,,,,,,,,,,,,Yuzon_list,no data,
CC2176,,CC2176,EU1,,,,,,,,,,,,,Yuzon_list,no data,
CC2184_a,,CC2184_a,EU1,,,,,,,,,,,,,Yuzon_list,no data,
CC2184_b,,CC2184_b,EU1,,,,,,,,,,,,,Yuzon_list,no data,
CC2186,,CC2186,EU1,,,,,,,,,,,,,Yuzon_list,no data,
CC2187,,CC2187,EU1,,,,,,,,,,,,,Yuzon_list,no data,
CC2275,,CC2275,EU1,,,,,,,,,,,,,Yuzon_list,no data,
ND886,,CDFA1418886,NA1,Camellia,sp.,2004,USA,CA,Marin,,,,,,,ksuga list,,
CS1,,CS1,NA1,Notholithocarpus,densiflorus,2016,USA,CA,San Mateo,,,,,,,Yuzon_list,,
CS2,,CS2,NA1,Umbellularia,californica,2016,USA,CA,San Mateo,,,,,,,Yuzon_list,,
CS26-T2-1,,CS26-T2-1,NA1,Umbellularia,californica,2008,USA,CA,Sonoma,,,,,,,Yuzon_list,,
Pram_CSL_1620_EU1,,CSL1620,EU1,,,,,,,,,,,,,,no data,
EU2_996_3,,EU2_996_3,EU2,Magnolia,stellata,2011,,,,,,,,,,Yuzon_list,,
FOP340-5299,,FOP340-5299,NA1,Umbellularia,californica,2010,USA,CA,Sonoma,,,,,,,Yuzon_list,,
Pram_PR_07_135_NA1,PR-07-135,GA-28C,NA1,Camellia,sasanqua,2004,USA,GA,Cobb,Alpharetta,,plant,,,,GLCC_DB,,
HMG2017-2,,HMG2017-2,NA1,Umbellularia,californica,2017,USA,CA,Santa Cruz,,,,,,,Yuzon_list,,
JLSP04-4325,,JLSP04-4325,NA1,Umbellularia,californica,2010,USA,CA,Sonoma,,,,,,,Yuzon_list,,
PR-18-126,PR-18-126,JP 236,NP1,,,2017,Japan,,,,Forest,water,"N 33 8.709, E 132 55.103",,,GLCC_DB,,
PR-18-128,PR-18-128,JP 387,NP2,,,2017,Japan,,,,Forest,water,"N 31 30.966, E 130 47.004",,,GLCC_DB,,
PR-18-129,PR-18-129,JP 462,NP2,,,2017,Japan,,,,Forest,water,"N 31 30.966, E 130 47.004",,,GLCC_DB,,
PR-18-130,PR-18-130,JP 716,NP1,,,2017,Japan,,,,Forest,water,"N 33 8.709, E 132 55.103",,,GLCC_DB,,
PR-18-131,PR-18-131,JP 717,NP1,,,2017,Japan,,,,Forest,water,"N 33 8.709, E 132 55.103",,,GLCC_DB,,
PR-18-132,PR-18-132,JP 718,NP1,,,2017,Japan,,,,Forest,water,"N 33 8.709, E 132 55.103",,,GLCC_DB,,
PR-18-133,PR-18-133,JP 916,NP1,,,2017,Japan,,,,Forest,water,"N 33 8.709, E 132 55.103",,,GLCC_DB,,
PR-18-134,PR-18-134,JP 975,NP3,Neolitsea,sericea,2017,Japan,,,,Forest,leaf,"N 31 49.732, E 130 38.468",,,GLCC_DB,,
Pram_PR_09_065_NA1,PR-09-065,"Lakeland IV, G-6-b",NA1,,,2009,USA,MS,,Jackson,,ditch water,,,,GLCC_DB,,
LTS-UMCA-1,,LTS-UMCA-1,NA1,Umbellularia,californica,2017,USA,CA,Santa Cruz,,,,,,,Yuzon_list,,
MK106,,MK106,NA1,Quercus,agrifolia,2008,USA,CA,San Mateo,,,,,,,ksuga list,,
MK516a_a,,MK516a_a,NA1,,,,,,,,,,,,,Yuzon_list,no data,
MK516a_b,,MK516a_b,NA1,,,,,,,,,,,,,Yuzon_list,no data,
MK516d,,MK516d,NA1,Quercus,agrifolia,2008,USA,CA,San Mateo,,,,,,,ksuga_list,,
MK548,,MK548,NA1,Umbellularia,californica,2008,USA,CA,San Mateo,,,,,,,ksuga list,,
MK548_yuzon,,MK548_yuzon,NA1,Umbellularia,californica,2008,USA,CA,San Mateo,,,,,,,Yuzon_list,,
MK558,,MK558,NA1,Quercus,agrifolia,2008,USA,CA,San Mateo,,,,,,,ksuga list,,
MK649a,,MK649a,NA1,Umbellularia,californica,2008,USA,CA,San Mateo,,,,,,,ksuga_list,,
MK649a_yuzon,,MK649a_yuzon,NA1,Umbellularia,californica,2008,USA,CA,San-Mateo,,,,,,,Yuzon_list,,
MK649b,,MK649b,NA1,Umbellularia,californica,2008,USA,CA,San Mateo,,,,,,,ksuga list,,
MK649b_yuzon,,MK649b_yuzon,NA1,Umbellularia,californica,2008,USA,CA,San-Mateo,,,,,,,Yuzon_list,,
MK79j,,MK79j,NA1,Umbellularia,californica,2008,USA,CA,San Mateo,,,,,,,ksuga_list,,
MK79j_yuzon,,MK79j_yuzon,NA1,Umbellularia,californica,2008,USA,CA,San-Mateo,,,,,,,Yuzon_list,,
MMWD2015-74,,MMWD2015-74,NA1,Notholithocarpus,densiflorus,2015,USA,CA,Marin,,,,,,,Yuzon_list,,
MMWD2015-91,,MMWD2015-91,NA1,Notholithocarpus,densiflorus,2015,USA,CA,Marin,,,,,,,Yuzon_list,,
MR176,,MR176,NA1,Umbellularia,californica,2005,USA,CA,Marin,,,,,,,Yuzon_list,,
Pram_PR_05_166_NA2,PR-05-166,MR31,NA2,Rhododendron,,2004,USA,WA,,,,,,,,GLCC_DB,,
ND886Aug2017,,ND886Aug2017,NA1,Camellia,sp,2004,USA,CA,Marin,,,,,,,Yuzon_list,,
ND886Jul2017,,ND886Jul2017,NA1,Camellia,sp,2004,USA,CA,Marin,,,,,,,Yuzon_list,,
ND886Jun2016,,ND886Jun2016,NA1,Camellia,sp,2004,USA,CA,Marin,,,,,,,Yuzon_list,,
Pram_P1549_EU1,PR-12-056,P1549,EU1,Fagus,sylvatica,2003,England,,,,,bark,,,,GLCC_DB,,
Pram_P1559_EU1,PR-12-057,P1559,EU1,Rhododendron,spp,2003,England,,,,,leaves,,,,GLCC_DB,,
Pram_P1562_EU1,PR-12-058,P1562,EU1,Quercus,cerris,2003,England,,,,,bark,,,,GLCC_DB,,
Pram_P1563_EU1,PR-12-059,P1563,EU1,Castanea,sativa,2003,England,,,,,bark,,,,GLCC_DB,,
Pram_P1614_EU1,PR-12-061,P1614,EU1,Nothofagus,spp,2004,England,,,,,bark,,,,GLCC_DB,,
Pram_P1856_EU1,PR-12-062,P1856,EU1,Acer,platanoides,2004,England,,,,,bark,,,,GLCC_DB,,
Pram_P1898_EU1,PR-12-063,P1898,EU1,Fagus,sylvatica,2005,England,,,,,bark,,,,GLCC_DB,,
Pram_P1959_EU1,PR-12-064,P1959,EU1,Quercus,cerris,2005,England,,,,,bark,,,,GLCC_DB,,
Pram_P2098_EU1,PR-12-065,P2098,EU1,Cinnamomum,camphora,2007,England,,,,,bark,,,,GLCC_DB,,
Pram_P2111_EU2,PR-12-035,P2111,EU2,Quercus,robur,2007,N.Ireland,,Down,,,stem,,,,GLCC_DB,,
P2346,PR-13-009,P2346,EU1,Chamaecyparis,lawsoniana,2010,UK,,,,,,,,,GLCC_DB/ksuga_list,,
P2363,PR-13-019,P2363,EU1,Chamaecyparis,lawsoniana,2010,UK,,,,,,,,,GLCC_DB/ksuga_list,,
P2386,PR-13-028,P2386,EU1,Chamaecyparis,lawsoniana,2010,UK,,,,,,,,,GLCC_DB,,
Pram_P2460_EU2,PR-12-036,P2460,EU2,Larix,kaempferi,2010,,,,Woodburn,,stem,,,,GLCC_DB,,
Pram_P2461_EU2,PR-12-037,P2461,EU2,Larix,kaempferi,2010,N.Ireland,,Antrim,,,stem,,,,GLCC_DB,,
Pram_P2561_EU2,PR-12-038,P2561,EU2,Larix,kaempferi,2011,Scotland,,South Ayrshire,Loch Hill,,stem,,,,GLCC_DB,,
Pram_P2566_EU2,PR-12-039,P2566,EU2,Rhododendron,ponticum,2011,N.Ireland,,Antrim,Glenariff Forest,,shoot,,,,GLCC_DB,,
Pram_P2586_EU2,PR-12-040,P2586,EU2,Larix,kaempferi,2011,Scotland,,South Ayrshire,Glenblainyvaird Loch,,foliage,,,,GLCC_DB,,
Pram_P2599_EU1,PR-12-067,P2599,EU1,Larix,kaempferi,2011,England,,,,,bark,,,,GLCC_DB,,
Pram_P2600_EU1,PR-12-068,P2600,EU1,Larix,kaempferi,2011,England,,,,,bark,,,,GLCC_DB,,
Pram_P2633_EU1,PR-12-069,P2633,EU1,Larix,kaempferi,2009,England,,,,,shoots,,,,GLCC_DB,,
Pram_P2673_EU1,PR-12-071,P2673,EU1,Larix,kaempferi,2009,England,,,,,needles,,,,GLCC_DB,,
Pram_P2677_EU1,PR-12-073,P2677,EU1,Larix,kaempferi,2009,England,,,,,bark,,,,GLCC_DB,,
Pram_P2687_EU1,PR-12-075,P2687,EU1,Larix,kaempferi,2009,England,,,,,needles,,,,GLCC_DB,,
Pram_P2688_EU1,PR-12-076,P2688,EU1,Larix,kaempferi,2009,England,,,,,bark,,,,GLCC_DB,,
Pram_P2707_EU1,PR-12-077,P2707,EU1,Larix,kaempferi,2009,England,,,,,needles,,,,GLCC_DB,,
Pram_P2738_EU1,PR-12-078,P2738,EU1,Larix,kaempferi,2009,England,,,,,needles,,,,GLCC_DB,,
Pram_PR_11_024_NA1,PR-11-024,PC#11-1366,NA1,Cinnamomum,camphora,2011,USA,CA,Marin,,,stem,,,,GLCC_DB,,
Pram_PD-98-8-6743_EU1,PR-05-008,PD98/6743,EU1,Rhododendron,,1998,Netherlands,,,,,,,,,GLCC_DB,,
Pfoli,,Pfoli,foliorum,,,,,,,,,,,,,Yuzon_list,no data,
Phibe,,Phibe,hibernalis,,,,,,,,,,,,,Yuzon_list,no data,
Plat_MPF4,,Plat_MPF4,lateralis,Chamaecyparis,lawsoniana,,,,,,,,,,,Yuzon_list,,
Plat_MPF6,,Plat_MPF6,lateralis,Chamaecyparis,lawsoniana,,,,,,,,,,,Yuzon_list,,
Plat_RH_5,,Plat_RH_5,lateralis,,,,,,,,,,,,,Yuzon_list,no data,
Plat_SMST21,,Plat_SMST21,lateralis,Chamaecyparis,lawsoniana,,,,,,,,,,,Yuzon_list,,
Plat_SMSTG,,Plat_SMSTG,lateralis,Chamaecyparis,lawsoniana,,,,,,,,,,,Yuzon_list,,
Pr-102_a,,Pr102_a,NA1,,,,,,,,,,,,,Pr102 is in our DB but not Pr102_a and Ksuga_list*,no data,
Pr-102_b,,Pr102_b,NA1,,,,,,,,,,,,,Pr102 is in our DB but not Pr102_a and Ksuga_list*,no data,
Pr102_RH_9,,Pr102_RH_9,NA1,Rhododendron,sp.,2013,,,,,,,,,,ksuga_list,,
Pr102_UC_1,,Pr102_UC_1,NA1,Umbellularia,californica,2013,,,,,,,,,,ksuga_list,,
Pr102_UC_4,,Pr102_UC_4,NA1,Umbellularia,californica,2013,,,,,,,,,,ksuga_list,,
Pr-102_yuzon,,Pr-102_yuzon,NA1,,,,,,,,,,,,,,no data,
Pr-106,PR-04-042,Pr106,NA1,Umbellularia,californica,2001,USA,CA,Sonoma,Fairfield Osborn Preserve,,Leaves,,,,GLCC_DB,,duplicate
Pr106,PR-04-042,Pr106,NA1,Umbellularia,californica,2001,USA,CA,Sonoma,Fairfield Osborn Preserve,,Leaves,,,,GLCC_DB,,duplicate
Pr-710_1,,Pr1098,NA1,Quercus,chrysolepsis,2011,,,,,,,,,,ksuga list,,
Pr-745_1,,Pr1102,NA1,Quercus,chrysolepsis,2011,,,,,,,,,,ksuga list,,
Pr-710_2,,Pr1192,NA1,Quercus,chrysolepsis,2011,,,,,,,,,,ksuga list,,
Pr-1197,,Pr1197,NA1,Quercus,chrysolepsis,2011,,,,,,,,,,ksuga_list,,duplicate
Pr-745_3,,Pr1197,NA1,Quercus,chrysolepsis,2011,,,,,,,,,,ksuga list,,duplicate
Pr120,,Pr120,NA1,,,,,,,,,,,,,,no data,
Pr-140.7_a,,Pr-140.7_a,NA1,,,,,,,,,,,,,ksuga_list without a/b*,no data,
Pr-140.7_b,,Pr-140.7_b,NA1,,,,,,,,,,,,,ksuga_list without a/b*,no data,
Pr-140.9_a,,Pr-140.9_a,NA1,,,,,,,,,,,,,ksuga_list without a/b*,no data,
Pr-140.9_b,,Pr-140.9_b,NA1,,,,,,,,,,,,,ksuga_list without a/b*,no data,
Pr1537,,Pr1537,NA1,,,,,,,,,,,,,,no data,
Pram_Pr1546_NA1,PR-12-119,Pr1546,NA1,Quercus,agrifolia,2012,USA,CA,Sonoma,,,,,,,GLCC_DB,,
Pr-1556_0_a,,Pr-1556_0_a,NA1,,,,,,,,,,,,,ksuga_list without a/b*,no data,
Pr-1556_0_b,,Pr-1556_0_b,NA1,,,,,,,,,,,,,ksuga_list without a/b*,no data,
Pr-1556_7_0,,Pr-1556_7_0,NA1,,,,,,,,,,,,,ksuga_list without a/b*,no data,
Pr-1556_7_1_a,,Pr-1556_7_1_a,NA1,,,,,,,,,,,,,ksuga_list without a/b*,no data,
Pr-1556_7_1_b,,Pr-1556_7_1_b,NA1,,,,,,,,,,,,,ksuga_list without a/b*,no data,
Pr1556Aug2017,,Pr1556Aug2017,NA1,,,,,,,,,,,,,ksuga_list without a/b*,no data,
Pr1556Jul2017,,Pr1556Jul2017,NA1,,,,,,,,,,,,,ksuga_list without a/b*,no data,
Pr1556Jun2015,,Pr1556Jun2015,NA1,,,,,,,,,,,,,ksuga_list without a/b*,no data,
Pr1556unusual,,Pr1556unusual,NA1,,,,,,,,,,,,,ksuga_list without a/b*,no data,
Pr-16_a,,Pr-16_a,NA1,,,,,,,,,,,,,,no data,
Pr-16_b,,Pr-16_b,NA1,,,,,,,,,,,,,ksuga_list without a/b*,no data,
Pr1612,,Pr1612,NA1,,,,,,,,,,,,,,no data,
Pr1620,,Pr1620,NA1,,,,,,,,,,,,,,no data,
Pr1652,,Pr1652,NA1,,,,,,,,,,,,,,no data,
Pr-218,,Pr218,NA1,,,,,,,,,,,,,,no data,duplicate
Pr218,,Pr218,NA1,,,,,,,,,,,,,,no data,duplicate
Pr223,,Pr223,NA1,,,,,,,,,,,,,,no data,
Pr237,,Pr237,NA1,,,,,,,,,,,,,,no data,
Pr-35,PR-12-113,Pr35,NA1,Quercus,agrifolia,,USA,CA,Sonoma,,,,,,,GLCC_DB,,
Pram_Pr420_NA1,PR-12-114,Pr420,NA1,Quercus,agrifolia,2004,USA,CA,Marin,,,,,,,GLCC_DB,,
Pr438,,Pr438,NA1,,,,,,,,,,,,,,no data,
Pr451,,Pr451,NA1,,,,,,,,,,,,,,no data,
Pr-455,,Pr455,NA1,,,,,,,,,,,,,,no data,duplicate
Pr455,,Pr455,NA1,,,,,,,,,,,,,,no data,duplicate
Pr458,,Pr458,NA1,,,,,,,,,,,,,,no data,
Pr467,,Pr467,NA1,,,,,,,,,,,,,,no data,
Pr-472,,Pr472,NA1,,,,,,,,,,,,,,no data,duplicate
Pr472,,Pr472,NA1,,,,,,,,,,,,,,no data,duplicate
Pr-486,,Pr486,NA1,,,,,,,,,,,,,,no data,duplicate
Pr486,,Pr486,NA1,,,,,,,,,,,,,,no data,duplicate
Pram_Pr518_NA1,PR-12-116,Pr518,NA1,Quercus,agrifolia,2009,USA,CA,Marin,,,,,,,GLCC_DB,,
Pr52,PR-04-041,Pr52,NA1,Rhododendron,,,USA,CA,,,,leaves,,,,GLCC_DB,,
Pr710,,Pr710,NA1,Umbellularia,californica,2009,USA,CA,Santa Clara,,,,,,,ksuga list,,
Pr-710_0,,Pr-710_0,NA1,,,,,,,,,,,,,,no data,
Pram_PR_10_106_NA1,PR-10-106,Pr733,NA1,,,2010,USA,CA,Humboldt,,,stream,,,,GLCC_DB,,
Pr745,,Pr745,NA1,,,2010,USA,CA,Santa Clara,,,water,,,,ksuga list,,
Pr-745_0_a,,Pr-745_0_a,NA1,,,,,,,,,,,,,ksuga_list without a/b*,no data,
Pr-745_0_b,,Pr-745_0_b,NA1,,,,,,,,,,,,,ksuga_list without a/b*,no data,
Pr-745_4_a,,Pr-745_4_a,NA1,,,,,,,,,,,,,ksuga_list without a/b*,no data,
Pr-745_4_b,,Pr-745_4_b,NA1,,,,,,,,,,,,,ksuga_list without a/b*,no data,
Pr93,PR-08-058,Pr93,NA1,Rhododendron,spp,2001,USA,,,,,,,,,GLCC_list,,
Pram_03_0002_EU1,,Pram_03_0002,EU1,Rhododendron,sp.,2003,,,,,,,,,,Yuzon_list,,
Pram_03-0107_EU1,,Pram_03-0107,EU1,Rhododendron,sp.,2003,,,,,,,,,,Yuzon_list,,
Pram_04-0002_NA1,,Pram_04-0002,NA1,Camellia,sp.,2004,,,,,,,,,,Yuzon_list,,
Pram_04-17031_EU1,,Pram_04-17031,EU1,Rhododendron,sp.,2004,,,,,,,,,,Yuzon_list,,
Pram_04-20470_NA2,,Pram_04-20470,NA2,Rhododendron,sp.,2010,,,,,,,,,,Yuzon_list,,
Pram_04-2231_NA1,,Pram_04-2231,NA1,Camellia,japonica,2004,,,,,,,,,,Yuzon_list,,
Pram_04-22572_NA1,,Pram_04-22572,NA1,Rhododendron,sp.,2004,,,,,,,,,,Yuzon_list,,
Pram_04-35009_NA1,,Pram_04-35009,NA1,Gaultheria,sp.,2004,,,,,,,,,,Yuzon_list,,
Pram_04-38813_NA2,,Pram_04-38813,NA2,Viburnum,tinus,2004,,,,,,,,,,Yuzon_list,,
Pram_05-16845_NA2,,Pram_05-16845,NA2,Ardisia,sp.,2005,,,,,,,,,,Yuzon_list,,
Pram_05-9611_NA2,,Pram_05-9611,NA2,Viburnum,sp.,2005,,,,,,,,,,Yuzon_list,,
Pram_06-0012_NA2,,Pram_06-0012,NA2,Soil,sample,2006,,,,,,,,,,Yuzon_list,,
Pram_06-4942_NA2,,Pram_06-4942,NA2,Distyllium,Myricoides,2006,,,,,,,,,,Yuzon_list,,
Pram_07-13013_EU1,,Pram_07-13013,EU1,Rhododendron,sp.,2007,,,,,,,,,,Yuzon_list,,
Pram_07-17204_NA2,,Pram_07-17204,NA2,Gaultheria,sp.,2007,,,,,,,,,,Yuzon_list,,
Pram_08-0688_NA2,,Pram_08-0688,NA2,Rhododendron,sp.,2008,,,,,,,,,,Yuzon_list,,
Pram_08-2933_EU1,,Pram_08-2933,EU1,Pieris,japonica,2008,,,,,,,,,,Yuzon_list,,
Pram_09-4390_NA2,,Pram_09-4390,NA2,Camellia,sp.,2009,,,,,,,,,,Yuzon_list,,
Pram_09-4415_NA2,,Pram_09-4415,NA2,Rhododendron,sp.,2009,,,,,,,,,,Yuzon_list,,
Pram_10-3885_NA2,,Pram_10-3885,NA2,Leucothoe,fontanesia,2010,,,,,,,,,,Yuzon_list,,
Pram_10-4389a_NA2,,Pram_10-4389a,NA2,Rhododendron,sp.,2010,,,,,,,,,,Yuzon_list,,
Pram_10-5341b_EU1,,Pram_10-5341b,EU1,Rhododendron,sp.,2010,,,,,,,,,,Yuzon_list,,
Pram_10-6342a_NA1,,Pram_10-6342a,NA1,Rhododendron,sp.,2010,,,,,,,,,,Yuzon_list,,
Pram_11-1291_NA2,,Pram_11-1291,NA2,unknown,,2011,,,,,,,,,,Yuzon_list,,
Pram_11-263_NA1,,Pram_11-263,NA1,Rhododendron,sp.,2011,,,,,,,,,,Yuzon_list,,
Pram_11-301_EU1,,Pram_11-301,EU1,unknown,,2011,,,,,,,,,,Yuzon_list,,
Pram_132_EU1,,Pram_132,EU1,Rhododendron,cheer,2006,,,,,,,,,,Yuzon_list,,
Pram_24_EU1,,Pram_24,EU1,Rhododendron,germania,2002,,,,,,,,,,Yuzon_list,,
Pram_30_EU1,,Pram_30,EU1,Viburnum,tinus,2003,,,,,,,,,,Yuzon_list,,
Pram_33_EU1,,Pram_33,EU1,Rhododendron,scyphocalix,2003,,,,,,,,,,Yuzon_list,,
Pram_4_EU1,,Pram_4,EU1,Viburnum,tinus,2002,,,,,,,,,,Yuzon_list,,
Pram_62_EU1,,Pram_62,EU1,Rhododendron,sp.,2004,,,,,,,,,,Yuzon_list,,
Pram_73_EU1,,Pram_73,EU1,Rhododendron,sp.,2005,,,,,,,,,,Yuzon_list,,
ND886_QA_7,,QA_E_7,NA1,Quercus,agrifolia,2013,,,,,,,,,,ksuga list,,
ND886_QA_9,,QA_E_9,NA1,Quercus,agrifolia,2013,,,,,,,,,,ksuga list,,
ND886_RH_11,,RH_E_11#4,NA1,Rhododendron,sp.,2013,,,,,,,,,,ksuga list,,
ND886_RH_8,,RH_E_8,NA1,Rhododendron,sp.,2013,,,,,,,,,,ksuga list,,
Pram_PR_10_076_NA1,PR-10-076,RWN-P20-AR,NA1,,,2010,USA,SC,Spartanburg,Roebuck,,container mix,,,,GLCC_DB,,
Pram_PR_09_094_NA1,PR-09-094,SOD-GA-741W3 S1587,NA1,,,,USA,GA,Forsyth,Cumming,,,,,,GLCC_DB,,
Pram_PR_10_098_NA1,PR-10-098,SPN5-P2-2d,NA1,Kalmia,latifolia,2010,USA,SC,Greenville,Greenville,,plant,,,,GLCC_DB,,
Pram_PR_10_103_NA1,PR-10-103,SPN5-P2-3c,NA1,Kalmia,latifolia,2010,USA,SC,Greenville,Greenville,,plant,,,,GLCC_DB,,
Pram_PR_09_002_NA1,PR-09-002,SPN-S1-C,NA1,Rhododendron,catawbiense,,USA,SC,,Greenville,,"container mix sample, combined from 10 -11 plants",,,,GLCC_DB,,
ND886_UC_1,,UC_E_1#6,NA1,Umbellularia,californica,2013,,,,,,,,,,ksuga list,,
PR-18-124,PR-18-124,VN 1015,IC1,,,,Vietnam,,,,Forest,water,"N 22 19.372, E 103 49.780",,,GLCC_DB,,
PR-18-125,PR-18-125,VN 1016,IC1,,,,Vietnam,,,,Forest,water,"N 22 19.372, E 103 49.780",,,GLCC_DB,,
PR-18-063,PR-18-063,VN 118,IC1,,,,Vietnam,,,,Forest,water,N22 20.127 E103 46.782,,,GLCC_DB,,
PR-18-064,PR-18-064,VN 120,IC1,,,,Vietnam,,,,Forest,water,N22 20.127 E103 46.782,,,GLCC_DB,,
PR-18-065,PR-18-065,VN 121,IC1,,,,Vietnam,,,,Forest,water,N22 20.127 E103 46.782,,,GLCC_DB,,
PR-18-066,PR-18-066,VN 122,IC1,,,,Vietnam,,,,Forest,water,N22 20.127 E103 46.782,,,GLCC_DB,,
PR-18-067,PR-18-067,VN 123,IC1,,,,Vietnam,,,,Forest,water,N22 20.127 E103 46.782,,,GLCC_DB,,
PR-18-068,PR-18-068,VN 142,IC2,,,,Vietnam,,,,Forest,water,N22 21.046 E103 46.273,,,GLCC_DB,,
PR-18-069,PR-18-069,VN 150,IC2,,,,Vietnam,,,,Forest,water,N22 21.046 E103 46.273,,,GLCC_DB,,
PR-18-070,PR-18-070,VN 152,unassigned,,,,Vietnam,,,,Forest,water,N22 21.046 E103 46.273,,,GLCC_DB,,
PR-18-071,PR-18-071,VN 160,IC1,,,,Vietnam,,,,Forest,water,N22 20.440 E103 46.576,,,GLCC_DB,,
PR-18-072,PR-18-072,VN 163,IC1,,,,Vietnam,,,,Forest,water,N22 20.906 E103 46.197,,,GLCC_DB,,
PR-18-073,PR-18-073,VN 166,IC1,,,,Vietnam,,,,Forest,water,N22 20.906 E103 46.197,,,GLCC_DB,,
PR-18-074,PR-18-074,VN 169,IC2,,,,Vietnam,,,,Forest,water,N22 21.046 E103 46.273,,,GLCC_DB,,
PR-18-075,PR-18-075,VN 201,IC1,,,,Vietnam,,,,Forest,water,N22 20.906 E103 46.197,,,GLCC_DB,,
PR-18-076,PR-18-076,VN 216,IC1,,,,Vietnam,,,,Forest,water,N22 20.902 E103 46.261,,,GLCC_DB,,
PR-18-077,PR-18-077,VN 217,IC1,,,,Vietnam,,,,Forest,water,N22 20.902 E103 46.261,,,GLCC_DB,,
PR-18-078,PR-18-078,VN 245,unassigned,,,,Vietnam,,,,Forest,water,N22 21.029 E103 46.317,,,GLCC_DB,,
PR-18-079,PR-18-079,VN 280,IC1,,,,Vietnam,,,,Forest,water,N22 20.127 E103 46.782,,,GLCC_DB,,
PR-18-080,PR-18-080,VN 281,IC1,,,,Vietnam,,,,Forest,water,N22 20.127 E103 46.782,,,GLCC_DB,,
PR-18-081,PR-18-081,VN 283,IC1,,,,Vietnam,,,,Forest,water,N22 20.127 E103 46.782,,,GLCC_DB,,
PR-18-082,PR-18-082,VN 284,IC1,,,,Vietnam,,,,Forest,water,N22 20.127 E103 46.782,,,GLCC_DB,,
PR-18-083,PR-18-083,VN 310,IC1,,,,Vietnam,,,,Forest,water,N22 20.902 E103 46.261,,,GLCC_DB,,
PR-18-084,PR-18-084,VN 313,IC1,,,,Vietnam,,,,Forest,water,N22 20.902 E103 46.261,,,GLCC_DB,,
PR-18-085,PR-18-085,VN 314,IC2,,,,Vietnam,,,,Forest,water,N22 21.046 E103 46.273,,,GLCC_DB,,
PR-18-086,PR-18-086,VN 407,IC1,,,,Vietnam,,,,Forest,water,N22 20.902 E103 46.261,,,GLCC_DB,,
PR-18-087,PR-18-087,VN 408,IC1,,,,Vietnam,,,,Forest,water,N22 20.902 E103 46.261,,,GLCC_DB,,
PR-18-127,PR-18-127,VN 409,IC1,,,,Vietnam,,,,Forest,water,N22 20.902 E103 46.261,,,GLCC_DB,,
PR-18-058,PR-18-058,VN 57,IC1,,,2016,Vietnam,,,,Forest,Water,N22 21.029 E103 46.317,,,GLCC_DB,,
PR-18-059,PR-18-059,VN 71,IC1,,,2016,Vietnam,,,,Forest,Water,N22 20.127 E103 46.782,,,GLCC_DB,,
PR-18-060,PR-18-060,VN 75,IC1,,,2016,Vietnam,,,,Forest,Water,N22 20.127 E103 46.782,,,GLCC_DB,,
PR-18-061,PR-18-061,VN 78,IC1,,,2016,Vietnam,,,,Forest,Water,N22 20.127 E103 46.782,,,GLCC_DB,,
PR-18-088,PR-18-088,VN 831,IC1,Rhododendron,sp.,2017,Vietnam,,,,Forest,Leaf,N22 21.026 E103 46.315,,,GLCC_DB,,
PR-18-089,PR-18-089,VN 832,IC1,Rhododendron,sp.,2017,Vietnam,,,,Forest,Leaf,N22 21.026 E103 46.315,,,GLCC_DB,,
PR-18-090,PR-18-090,VN 833,IC1,,,2017,Vietnam,,,,Forest,Water,N22 20.127 E103 46.782,,,GLCC_DB,,
PR-18-091,PR-18-091,VN 835,IC1,,,2017,Vietnam,,,,Forest,Water,N22 20.127 E103 46.782,,,GLCC_DB,,
PR-18-092,PR-18-092,VN 836,IC1,,,2017,Vietnam,,,,Forest,Water,N22 20.127 E103 46.782,,,GLCC_DB,,
PR-18-093,PR-18-093,VN 837,IC1,,,2017,Vietnam,,,,Forest,Water,N22 20.127 E103 46.782,,,GLCC_DB,,
PR-18-094,PR-18-094,VN 852,IC1,,,2017,Vietnam,,,,Forest,Water,"N 22 19.372, E 103 49.780",,,GLCC_DB,,
PR-18-095,PR-18-095,VN 853,IC1,,,2017,Vietnam,,,,Forest,Water,"N 22 19.372, E 103 49.780",,,GLCC_DB,,
PR-18-096,PR-18-096,VN 856,IC1,,,2017,Vietnam,,,,Forest,Water,N22 20.127 E103 46.782,,,GLCC_DB,,
PR-18-097,PR-18-097,VN 857,IC1,,,2017,Vietnam,,,,Forest,Water,N22 20.127 E103 46.782,,,GLCC_DB,,
PR-18-098,PR-18-098,VN 863,IC5,,,2017,Vietnam,,,,Forest,Water,N22 20.127 E103 46.782,,,GLCC_DB,,
PR-18-099,PR-18-099,VN 864,IC1,,,2017,Vietnam,,,,Forest,Water,N22 20.127 E103 46.782,,,GLCC_DB,,
PR-18-100,PR-18-100,VN 865,IC1,,,2017,Vietnam,,,,Forest,Water,N22 20.440 E103 46.576,,,GLCC_DB,,
PR-18-101,PR-18-101,VN 866,IC1,,,2017,Vietnam,,,,Forest,Water,N22 20.440 E103 46.576,,,GLCC_DB,,
PR-18-102,PR-18-102,VN 876,IC1,,,2017,Vietnam,,,,Forest,Water,N22 20.127 E103 46.782,,,GLCC_DB,,
PR-18-103,PR-18-103,VN 877,IC1,,,2017,Vietnam,,,,Forest,Water,N22 20.440 E103 46.576,,,GLCC_DB,,
PR-18-104,PR-18-104,VN 878,IC1,,,2017,Vietnam,,,,Forest,Water,N22 20.440 E103 46.576,,,GLCC_DB,,
PR-18-105,PR-18-105,VN 879,IC1,,,2017,Vietnam,,,,Forest,Water,N22 20.440 E103 46.576,,,GLCC_DB,,
PR-18-062,PR-18-062,VN 88,IC3,,,2016,Vietnam,,,,Forest,Water,N22 21.029 E103 46.317,,,GLCC_DB,,
PR-18-106,PR-18-106,VN 880,IC1,,,2017,Vietnam,,,,Forest,Water,N22 20.127 E103 46.782,,,GLCC_DB,,
PR-18-107,PR-18-107,VN 881,IC1,,,2017,Vietnam,,,,Forest,Water,N22 20.440 E103 46.576,,,GLCC_DB,,
PR-18-108,PR-18-108,VN 882,IC1,,,2017,Vietnam,,,,Forest,Water,N22 20.127 E103 46.782,,,GLCC_DB,,
PR-18-109,PR-18-109,VN 900,IC1,,,2017,Vietnam,,,,Forest,Water,N22 20.127 E103 46.782,,,GLCC_DB,,
PR-18-110,PR-18-110,VN 901,IC1,,,2017,Vietnam,,,,Forest,Water,N22 20.127 E103 46.782,,,GLCC_DB,,
PR-18-111,PR-18-111,VN 909,IC1,,,2017,Vietnam,,,,Forest,Water,N22 20.440 E103 46.576,,,GLCC_DB,,
PR-18-113,PR-18-113,VN 912,IC1,,,2017,Vietnam,,,,Forest,Water,N22 20.440 E103 46.576,,,GLCC_DB,,
PR-18-114,PR-18-114,VN 914,IC1,,,2017,Vietnam,,,,Forest,Water,N22 20.127 E103 46.782,,,GLCC_DB,,
PR-18-115,PR-18-115,VN 915,IC1,,,2017,Vietnam,,,,Forest,Water,N22 20.440 E103 46.576,,,GLCC_DB,,
PR-18-116,PR-18-116,VN 918,IC1,,,2017,Vietnam,,,,Forest,Water,N22 20.440 E103 46.576,,,GLCC_DB,,
PR-18-118,PR-18-118,VN 921,IC1,,,,Vietnam,,,,Forest,Water,,,,GLCC_DB,,
PR-18-120,PR-18-120,VN 924,IC1,,,2017,Vietnam,,,,Forest,Water,N22 20.440 E103 46.576,,,GLCC_DB,,
ND886_VT_7,,VT_E_7,NA1,Viburnum,tinus,2013,,,,,,,,,,ksuga list,,
Pram_PR_07_192_NA1,PR-07-192,WA 1107.1,NA1,,,2004,USA,WA,,,,plant,,,,GLCC_DB,,
Pram_PR_04_015_NA2,PR-04-015,wsda 3765,NA2,Rhododendron,,2004,USA,WA,,,,leaves,,,,GLCC_DB,,
Pram_PR_07_191_NA1,PR-07-191,WSDA-1107,NA1,Camellia,spp,2004,USA,WA,,,,plant,,,,GLCC_DB,,
